form	lemma	POS	morph
		
༄༅། །		PUNCT
ལེའུ་	ལེའུ་	NOUN
བཅོ་བརྒྱད་པ་	བཅོ་བརྒྱད་པ་	NO_POS
འི་	གི་	PART
ཚིག་འགྲེལ་	ཚིག་འགྲེལ་	NOUN
བཞུགས་	བཞུགས་	VERB
སོ་	གོ་	PART
"། །

༄༅། །"		PUNCT
ན་མོ་	ན་མོ་	X
གུ་	གུ་	OTHER
ར་	ར་	ADP
ཝེ་		NON_WORD
།		PUNCT
གཞི་	གཞི་	NOUN
འི་	གི་	PART
ལེའུ་	ལེའུ་	NOUN
འདི་	འདི་	DET
ར་	ལ་	PART
།		PUNCT
བསྒོམ་	བསྒོམ་	VERB
བྱ་	བྱ་	VERB
ཐེག་	ཐེག་	VERB
གསུམ་	གསུམ་	NUM
གྱི་	གི་	PART
རང་	རང་	PRON
འབྲས་	འབྲས་	NOUN
ལ་	ལ་	PART
ངེས་པ་		
འབྱུང་བ་	འབྱུང་བ་	VERB
འི་	གི་	PART
ལམ་	གམ་	PART
གསུམ་	གསུམ་	NUM
ཡོད་པ་	ཡོད་པ་	VERB
ལ་	ལ་	ADP
ས་	གིས་	PART
འདི་	འདི་	DET
ར་	ལ་	PART
སྔགས་	སྔགས་	NOUN
བླ་མེད་	བླ་མེད་	ADJ
།		PUNCT
དེ་	སྟེ་	PART
ལ་	ལ་	ADP
འང་	ཀྱང་	PART
བསྐྱེད་རྫོགས་	བསྐྱེད་རྫོགས་	NOUN
གཉིས་	གཉིས་	NUM
ལ་	ལ་	ADP
ས་	གིས་	PART
འདི་	འདི་	DET
ར་	ལ་	PART
རྫོགས་རིམ་	རྫོགས་རིམ་	NOUN
སྟོན་	སྟོན་	VERB
ཅིང་	ཅིང་	PART
དེ་	སྟེ་	PART
ནི་	ནི་	NO_POS
རྒྱུད་	རྒྱུད་	NOUN
ཀུན་	ཀུན་	DET
གྱི་	གི་	PART
ཟབ་	ཟབ་	VERB
གནད་སྙིང་པོ་	གནད་སྙིང་པོ་	NO_POS
འོ་	གོ་	PART
། །		PUNCT
བསྒོམ་	བསྒོམ་	VERB
བྱ་	བྱ་	VERB
འི་	གི་	PART
སྔོན་	སྔོན་	ADV
དུ་	ལ་	PART
གནས་ལུགས་	གནས་ལུགས་	VERB
ཤེ་	ཤེ་	VERB
དགོས་	དགོས་	VERB
།		PUNCT
དེ་	སྟེ་	PART
ལ་	ལ་	PART
ཡང་	ཀྱང་	PART
གྲུབ་མཐ་	གྲུབ་མཐའ་	NOUN
འི་	གི་	PART
བློ་	བློ་	NOUN
ས་	གིས་	PART
བཞག་པ་	བཞག་པ་	VERB
འི་	གི་	PART
རིམ་པ་	རིམ་པ་	NOUN
མང་	མང་	VERB
ན་	ལ་	PART
ཡང་	ཀྱང་	PART
།		PUNCT
འདི་	འདི་	DET
ར་	ལ་	PART
མདོ་	མདོ་	NOUN
རྒྱུད་	རྒྱུད་	NOUN
ཀུན་	ཀུན་	DET
གྱི་	གི་	PART
གནད་	གནད་	NOUN
མཐུན་	མཐུན་	VERB
ངེས་པ་	ངེས་པ་	VERB
འི་	གི་	PART
སྙིང་པོ་	སྙིང་པོ་	NOUN
ནི་	ནི་	NO_POS
།		PUNCT
བདེན་	བདེན་	VERB
གཉིས་	གཉིས་	NUM
དབྱེ་	དབྱེ་	VERB
ར་	ལ་	PART
མེད་པ་	མེད་པ་	VERB
ཁོ་ན་	ཁོ་ན་	DET
ཡིན་	ཡིན་	NO_POS
ཞིང་	ཅིང་	PART
།		PUNCT
དེ་	སྟེ་	PART
ནི་	ནི་	NO_POS
སངས་རྒྱས་	སངས་རྒྱས་	NOUN
རྣམས་	རྣམས་	DET
ཀྱི་	གི་	PART
ཐུན་	ཐུན་	NOUN
མིན་	མིན་	AUX
གྱི་	གི་	PART
སྤྱོད་ཡུལ་	སྤྱོད་ཡུལ་	NOUN
ཡིན་པ་	ཡིན་པ་	AUX
ས་	གིས་	PART
གསང་བ་	གསང་བ་	VERB
།		PUNCT
ཆོ་	ཆོ་	NOUN
ཐམས་ཅད་	ཐམས་ཅད་	DET
ཀྱི་	གི་	PART
འབྱུང་གནས་	འབྱུང་གནས་	NOUN
ཡིན་པ་	ཡིན་པ་	AUX
ས་	གིས་	PART
མཛོད་ཁང་	མཛོད་ཁང་	NOUN
ཡིན་	ཡིན་	NO_POS
ནོ་	གོ་	PART
། །		PUNCT
དེ་	སྟེ་	PART
གཏན་	གཏན་	NOUN
ལ་	ལ་	PART
དབབ་པ་	དབབ་པ་	VERB
ལ་	ལ་	PART
།		PUNCT
དང་པོ་	དང་པོ་	ADJ
གཞི་	གཞི་	NOUN
བདེན་པ་	བདེན་པ་	VERB
དབྱེ་	དབྱེ་	VERB
ར་	ལ་	PART
མེད་	མེད་	VERB
དུ་	ལ་	PART
གཏན་	གཏན་	NOUN
ལ་	ལ་	PART
དབབ་	དབབ་	NO_POS
།		PUNCT
ལམ་	གམ་	PART
འཁོར་འདས་	འཁོར་འདས་	NOUN
དབྱེ་	དབྱེ་	VERB
ར་	ལ་	PART
མེད་	མེད་	VERB
ཉམས་	ཉམས་	NOUN
སུ་	ལ་	PART
བླང་	བླང་	NO_POS
།		PUNCT
ཐོབ་	ཐོབ་	VERB
བྱ་	བྱ་	VERB
གཞི་	གཞི་	NOUN
འབྲས་	འབྲས་	NOUN
དབྱེ་	དབྱེ་	VERB
ར་	ལ་	PART
མེད་	མེད་	VERB
དུ་	ལ་	PART
ལ་	ལ་	PART
བཟླ་བ་	བཟླ་བ་	NO_POS
གསུམ་	གསུམ་	NUM
གྱི་	གི་	PART
དང་པོ་	དང་པོ་	ADJ
།		PUNCT
བདེན་པ་	བདེན་པ་	VERB
དབྱེ་	དབྱེ་	VERB
ར་	ལ་	PART
མེད་	མེད་	VERB
ཅེས་	ཅེས་	PART
མིང་	མིང་	NOUN
དུ་	ལ་	PART
བཏགས་པ་	བཏགས་པ་	VERB
འི་	གི་	PART
གནས་ལུགས་	གནས་ལུགས་	VERB
དེ་	སྟེ་	PART
ཡི་	གི་	PART
རང་བཞིན་	རང་བཞིན་	NOUN
ཇི་ལྟ་བུ་	ཇི་ལྟ་བུ་	NO_POS
ཞེ་ན་	ཅེ་ན་	PART
།		PUNCT
གདོད་	གདོད་	NO_POS
ན་	ནས་	PART
འོད་གསལ་བ་	འོད་གསལ་བ་	NO_POS
འི་	གི་	PART
ཡེ་ཤེས་	ཡེ་ཤེས་	NOUN
སམ་	གམ་	PART
བདེ་བ་	བདེ་བ་	VERB
ར་	ལ་	PART
གཤེགས་པ་	གཤེགས་པ་	VERB
འི་	གི་	PART
སྙིང་པོ་	སྙིང་པོ་	NOUN
ཞེ་	ཅེས་	PART
བྱ་	བྱ་	VERB
སྟེ་	སྟེ་	PART
།		PUNCT
འོད་གསལ་	འོད་གསལ་	NOUN
ཞེས་་	ཞེས་པ་	PART
འི་	གི་	PART
མིང་	མིང་	NOUN
གིས་	གིས་	PART
ནི་	ནི་	NO_POS
།		PUNCT
མུན་པ་	མུན་པ་	NOUN
དང་	དང་	NO_POS
བྲལ་བ་	བྲལ་བ་	VERB
།		PUNCT
སྣང་བ་	སྣང་བ་	VERB
དང་	དང་	NO_POS
ལྡན་པ་	ལྡན་པ་	VERB
གཉིས་	གཉིས་	NUM
མཚོན་པ་	མཚོན་པ་	VERB
ལྟ་	ལྟ་	OTHER
།		PUNCT
སྒྲིབ་པ་	སྒྲིབ་པ་	VERB
ས་	གིས་	PART
མ་	མ་	PART
གོས་པ་	གོས་པ་	VERB
དང་	དང་	NO_POS
།		PUNCT
ཡེ་ཤེས་	ཡེ་ཤེས་	NOUN
ཀྱི་	གི་	PART
མཁྱེན་	མཁྱེན་	VERB
ཆ་	ཆ་	NOUN
དང་	དང་	NO_POS
ལྡན་པ་	ལྡན་པ་	VERB
འི་	གི་	PART
མིང་	མིང་	NOUN
སྟེ་	སྟེ་	PART
།		PUNCT
དེས་ན་	དེས་ན་	NO_POS
སྒྲིབ་	སྒྲིབ་	NOUN
བྲལ་	བྲལ་	VERB
གྱི་	གི་	PART
ཡེ་ཤེས་	ཡེ་ཤེས་	NOUN
ཞེ་	ཅེས་	PART
བྱ་	བྱ་	VERB
འོ་	གོ་	PART
། །		PUNCT
འདི་	འདི་	DET
ནི་	ནི་	NO_POS
མཁྱེན་	མཁྱེན་	VERB
ཆ་	ཆ་	NOUN
རིག་པ་	རིག་པ་	VERB
འི་	གི་	PART
ངོ་	ངོ་	NOUN
ན་	ནས་	PART
བསྟན་	བསྟན་	VERB
།		PUNCT
དེ་ཡང་	དེ་ཡང་	ADV
ཐོག་མ་	ཐོག་མ་	NOUN
མེད་པ་	མེད་པ་	VERB
འི་	གི་	PART
དུས་	དུས་	NOUN
སམ་	གམ་	PART
ཡེ་ནས་	ཡེ་ནས་	NO_POS
མཐའ་	མཐའ་	NOUN
གང་	གང་	NO_POS
དུའང་		NON_WORD
མི་	མི་	PART
གནས་པ་	གནས་པ་	VERB
ས་	གིས་	PART
ན་	ལ་	PART
རབ་ཏུ་	རབ་ཏུ་	NO_POS
ཞི་བ་	ཞི་བ་	VERB
སྟེ་	སྟེ་	PART
སྤྲོས་པ་	སྤྲོས་པ་	VERB
མེད་པ་	མེད་པ་	VERB
འི་	གི་	PART
བདག་ཉིད་	བདག་ཉིད་	NOUN
དམ་	གམ་	PART
།		PUNCT
རང་བཞིན་	རང་བཞིན་	NOUN
ཅན་	ཅན་	PART
དུ་	ལ་	PART
བཞུགས་པ་	བཞུགས་པ་	VERB
འོ་	གོ་	PART
། །		PUNCT
འདི་	འདི་	DET
ས་	གིས་	PART
ནི་	ནི་	NO_POS
སྟོང་ཆ་	སྟོང་ཆ་	NO_POS
བསྟན་	བསྟན་	VERB
།		PUNCT
རིག་པ་	རིག་པ་	VERB
དང་	དང་	NO_POS
སྟོང་པ་	སྟོང་པ་	VERB
དེ་	སྟེ་	PART
གཉིས་པོ་	གཉིས་པོ་	NUM
འི་	གི་	PART
དཔེ་	དཔེ་	NOUN
ནི་	ནི་	NO_POS
ཉི་མ་	ཉི་མ་	NOUN
འི་	གི་	PART
སྙིང་པོ་	སྙིང་པོ་	NOUN
འོད་གསལ་བ་	འོད་གསལ་བ་	NO_POS
དང་	དང་	NO_POS
ནམ་མཁའ་	ནམ་མཁའ་	NOUN
སྒྲིབ་པ་	སྒྲིབ་པ་	VERB
མེད་པ་	མེད་པ་	VERB
ལྟ་བུ་	ལྟ་བུ་	NOUN
དེ་	སྟེ་	PART
།		PUNCT
མཁྱེན་	མཁྱེན་	VERB
ཆ་	ཆ་	NOUN
ལྷུན་	ལྷུན་	NOUN
གྱིས་	གིས་	PART
གྲུབ་པ་	གྲུབ་པ་	VERB
དང་	དང་	NO_POS
རང་བཞིན་	རང་བཞིན་	NOUN
འདུས་མ་བྱས་པ་	འདུས་མ་བྱས་པ་	NO_POS
ས་	གིས་	PART
སོ་	གོ་	PART
། །		PUNCT
དེ་ལྟ་	དེ་ལྟ་	NO_POS
བུ་	བུ་	NOUN
འི་	གི་	PART
རིག་	རིག་	VERB
སྟོང་	སྟོང་	NUM
ཟུང་	ཟུང་	VERB
དུ་	ལ་	PART
འཇུག་པ་	འཇུག་པ་	VERB
འི་	གི་	PART
དབྱིངས་	དབྱིངས་	NOUN
དེ་	སྟེ་	PART
ནི་	ནི་	NO_POS
ལམ་	གམ་	PART
གྱི་	གི་	PART
བྱེད་རྩོལ་	བྱེད་རྩོལ་	NO_POS
ལྟ་བུ་	ལྟ་བུ་	NOUN
ལ་	ལ་	PART
མི་	མི་	PART
ལྟོས་པ་	ལྟོས་པ་	VERB
ར་	ལ་	PART
རང་བཞིན་	རང་བཞིན་	NOUN
གྱིས་	གིས་	PART
རྣམ་པ་	རྣམ་པ་	NOUN
ར་	ལ་	PART
དག་པ་	དག་པ་	VERB
སྟེ་	སྟེ་	PART
།		PUNCT
དེ་ཡང་	དེ་ཡང་	ADV
འདུས་བྱས་	འདུས་བྱས་	NOUN
འཁོར་བ་	འཁོར་བ་	NOUN
དང་	དང་	NO_POS
འདུས་མ་བྱས་	འདུས་མ་བྱས་	NO_POS
ཕྱོགས་	ཕྱོགས་	NOUN
གཅིག་པ་	གཅིག་པ་	ADJ
ཞི་བ་	ཞི་བ་	VERB
འི་	གི་	PART
སྐྱོན་	སྐྱོན་	NOUN
གཉིས་ཀ་	གཉིས་ཀ་	OTHER
ས་	གིས་	PART
ཀྱང་	ཀྱང་	PART
མ་	མ་	PART
རེག་པ་	རེག་པ་	VERB
ས་	གིས་	PART
ན་	ལ་	PART
རྣམ་པ་	རྣམ་པ་	NOUN
ར་	ལ་	PART
དག་པ་	དག་པ་	VERB
ཆེན་པོ་	ཆེན་པོ་	ADJ
འོ་	གོ་	PART
། །		PUNCT
དེ་ལྟ་	དེ་ལྟ་	NO_POS
བུ་	བུ་	NOUN
འི་	གི་	PART
ངང་ཚུལ་	ངང་ཚུལ་	OTHER
ཅན་	ཅན་	PART
དུ་	ལ་	PART
ཡེ་ནས་	ཡེ་ནས་	NO_POS
གནས་པ་	གནས་པ་	VERB
ས་	གིས་	PART
ན་	ལ་	PART
།		PUNCT
ངོ་བོ་	ངོ་བོ་	NOUN
ལ་	ལ་	PART
སྣང་སྟོང་	སྣང་སྟོང་	NO_POS
སོ་སོ་	སོ་སོ་	PRON
ར་	ལ་	PART
དབྱེ་	དབྱེ་	VERB
ར་	ལ་	PART
མེད་	མེད་	VERB
ཅིང་	ཅིང་	PART
མྱང་འདས་	མྱང་འདས་	NOUN
བདེན་པ་	བདེན་པ་	VERB
ར་	ལ་	PART
བསྒྲུབ་པ་	བསྒྲུབ་པ་	VERB
དང་	དང་	NO_POS
།		PUNCT
འཁོར་བ་	འཁོར་བ་	NOUN
བདེན་པ་	བདེན་པ་	VERB
བསལ་	བསལ་	VERB
བྱ་	བྱ་	VERB
འང་	ཀྱང་	PART
མེད་	མེད་	VERB
ཅིང་	ཅིང་	PART
།		PUNCT
དེ་	དེ་	DET
འི་	གི་	PART
དབང་	དབང་	NOUN
གིས་	གིས་	PART
སྐྱོན་	སྐྱོན་	NOUN
ཕ་		
འགྲོ་བ་	འགྲོ་བ་	VERB
དང་	དང་	NO_POS
ཡོན་ཏན་	ཡོན་ཏན་	NOUN
ཚུ་		
འོང་བ་	འོང་བ་	VERB
འང་	ཀྱང་	PART
མེད་	མེད་	VERB
དོ་	གོ་	PART
། །		PUNCT
དེ་ལྟ་ན་	དེ་ལྟ་ན་	NO_POS
ཀུན་རྫོབ་	ཀུན་རྫོབ་	NOUN
སྒྲ་	སྒྲ་	NOUN
དང་	དང་	NO_POS
རྟོག་པ་	རྟོག་པ་	VERB
འི་	གི་	PART
འཇུག་པ་	འཇུག་པ་	VERB
དེ་	དེ་	DET
ར་	ལ་	PART
མི་	མི་	PART
རྒྱུ་	རྒྱུ་	NOUN
ར་	ལ་	PART
བ་	བ་	ADP
ན་	ལ་	PART
ཀུན་རྫོབ་	ཀུན་རྫོབ་	NOUN
ཀྱི་	གི་	PART
སྒྲོས་པ་	སྒྲོས་པ་	NO_POS
རྣམ་པ་	རྣམ་པ་	NOUN
ར་	ལ་	PART
ཆད་པ་	ཆད་པ་	VERB
སྟེ་	སྟེ་	PART
།		PUNCT
འཁོར་འདས་	འཁོར་འདས་	NOUN
སྣང་སྟོང་	སྣང་སྟོང་	NO_POS
སྐྱོན་ཡོན་	སྐྱོན་ཡོན་	NO_POS
སོགས་	སོགས་	DET
སུ་	ལ་	PART
སྒྲ་	སྒྲ་	NOUN
རྟོག་	རྟོག་	VERB
གིས་	གིས་	PART
གང་	གང་	NO_POS
གཞལ་བ་	གཞལ་བ་	VERB
ཐམས་ཅད་	ཐམས་ཅད་	DET
དཔྱོད་	དཔྱོད་	VERB
བཟོད་	བཟོད་	VERB
དུ་	ལ་	PART
མི་	མི་	PART
འགྲུབ་པ་	འགྲུབ་པ་	VERB
འི་	གི་	PART
ཕྱི་	ཕྱི་	OTHER
ཀུན་རྫོབ་པ་	ཀུན་རྫོབ་པ་	NO_POS
ཡིན་	ཡིན་	NO_POS
ཅིང་	ཅིང་	PART
དེ་	དེ་	DET
འི་	གི་	PART
རྒྱུ་བ་	རྒྱུ་བ་	VERB
ཐམས་ཅད་	ཐམས་ཅད་	DET
ཉེ་བ་		
ཞི་བ་	ཞི་བ་	VERB
འོ་	གོ་	PART
། །		PUNCT
དེས་ན་	དེས་ན་	NO_POS
འདི་	འདི་	DET
ནི་	ནི་	NO_POS
ཀུན་རྫོབ་	ཀུན་རྫོབ་	NOUN
དང་	དང་	NO_POS
འདི་	འདི་	DET
ནི་	ནི་	NO_POS
དོན་དམ་	དོན་དམ་	NOUN
ཞེ་	ཅེས་	PART
རྣམ་པ་	རྣམ་པ་	NOUN
ར་	ལ་	PART
དབྱེ་བ་	དབྱེ་བ་	VERB
འི་	གི་	PART
སྤྱོད་ཡུལ་	སྤྱོད་ཡུལ་	NOUN
ལ་	ལ་	ADP
ས་	གིས་	PART
འདས་པ་	འདས་པ་	VERB
ས་	གིས་	PART
ན་	ལ་	PART
།		PUNCT
གྲུབ་མཐ་	གྲུབ་མཐའ་	NOUN
འི་	གི་	PART
བློ་	བློ་	NOUN
ས་	གིས་	PART
སྐྱེ་བ་	སྐྱེ་བ་	VERB
ར་	ལ་	PART
སྣང་བ་	སྣང་བ་	VERB
ཀུན་རྫོབ་	ཀུན་རྫོབ་	NOUN
།		PUNCT
སྐྱེ་བ་	སྐྱེ་བ་	VERB
མེད་པ་	མེད་པ་	VERB
ར་	ལ་	PART
གནས་པ་	གནས་པ་	VERB
དོན་དམ་	དོན་དམ་	NOUN
མོ་	གོ་	PART
ཞེས་་	ཞེས་པ་	PART
ལྟ་བུ་	ལྟ་བུ་	NOUN
ར་	ལ་	PART
བཏགས་	བཏགས་	VERB
ཤིང་	ཅིང་	PART
ཞེན་པ་	ཞེན་པ་	VERB
འི་	གི་	PART
བདེན་པ་	བདེན་པ་	VERB
གཉིས་	གཉིས་	NUM
སུ་	སུ་	ADP
འང་	ཀྱང་	PART
བཞག་པ་	བཞག་པ་	VERB
མེད་པ་	མེད་པ་	VERB
འི་	གི་	PART
ཕྱི་	ཕྱི་	OTHER
དེ་ལས་	དེ་ལས་	NO_POS
འདའ་	འདའ་	VERB
ཏེ་	སྟེ་	PART
ཡོད་མེད་	ཡོད་མེད་	ADJ
དུ་	ལ་	PART
འཛིན་པ་	འཛིན་པ་	VERB
ལ་སོགས་པ་	ལ་སོགས་པ་	NO_POS
འི་	གི་	PART
སྤྲོས་ཀུན་	སྤྲོས་ཀུན་	NO_POS
ཉེ་བ་		
ཞི་བ་	ཞི་བ་	VERB
ཡིན་	ཡིན་	NO_POS
ཏེ་	སྟེ་	PART
།		PUNCT
དེ་	དེ་	DET
འི་	གི་	PART
རྒྱུ་མཚན་	རྒྱུ་མཚན་	NOUN
གནས་ལུགས་	གནས་ལུགས་	VERB
ལ་	ལ་	PART
བདེན་པ་	བདེན་པ་	VERB
གཉིས་	གཉིས་	NUM
སོ་སོ་	སོ་སོ་	PRON
ར་	ལ་	PART
དབྱེ་	དབྱེ་	VERB
ར་	ལ་	PART
མེད་པ་	མེད་པ་	VERB
ས་	གིས་	PART
ན་	ལ་	PART
ཀུན་རྫོབ་	ཀུན་རྫོབ་	NOUN
དུ་	ལ་	PART
ནི་	ནི་	NO_POS
གྲུབ་	གྲུབ་	VERB
ཅེས་	ཅེས་	PART
སམ་	གམ་	PART
།		PUNCT
དོན་དམ་	དོན་དམ་	NOUN
པར་མ་	པར་མ་	OTHER
གྲུབ་	གྲུབ་	VERB
ཅེས་	ཅེས་	PART
སོ་སོ་	སོ་སོ་	PRON
ར་	ལ་	PART
དབྱེ་	དབྱེ་	VERB
ར་	ལ་	PART
མེད་པ་	མེད་པ་	VERB
འི་	གི་	PART
གནད་	གནད་	NOUN
ཀྱིས་	གིས་	PART
སོ་	གོ་	PART
། །		PUNCT
དེ་	དེ་	DET
འི་	གི་	PART
མཇུག་	མཇུག་	NOUN
བསྡུ་བ་	བསྡུ་བ་	VERB
ནི་	ནི་	NO_POS
།		PUNCT
དེ་ལྟ་	དེ་ལྟ་	NO_POS
ཆོ་	ཆོ་	NOUN
ཀྱི་	གི་	PART
དབྱིངས་	དབྱིངས་	NOUN
ལ་	ལ་	PART
སྣང་བ་	སྣང་བ་	VERB
དང་	དང་	NO_POS
སྟོང་པ་	སྟོང་པ་	VERB
འི་	གི་	PART
རང་བཞིན་	རང་བཞིན་	NOUN
གཉིས་	གཉིས་	NUM
སུ་	ལ་	PART
མེད་	མེད་	VERB
ཅིང་	ཅིང་	PART
གཉིས་	གཉིས་	NUM
སུ་	ལ་	PART
བྱར་མེད་པ་	བྱར་མེད་པ་	NOUN
ས་	གིས་	PART
ན་	ལ་	PART
།		PUNCT
ཀུན་རྫོབ་	ཀུན་རྫོབ་	NOUN
དང་	དང་	NO_POS
དོན་དམ་	དོན་དམ་	NOUN
གྱི་	གི་	PART
བདེན་པ་	བདེན་པ་	VERB
དེ་ཡང་	དེ་ཡང་	ADV
དབྱེ་	དབྱེ་	VERB
ར་	ལ་	PART
མེད་	མེད་	VERB
ཅེས་	ཅེས་	PART
སུ་	ལ་	PART
སྒྲ་	སྒྲ་	NOUN
དང་	དང་	NO_POS
ཚིག་	ཚིག་	NOUN
གིས་	གིས་	PART
བརྗོད་པ་	བརྗོད་པ་	VERB
ཙམ་	ཙམ་	DET
མོ་	གོ་	PART
། །		PUNCT
དབྱིངས་	དབྱིངས་	NOUN
དེ་ལྟ་	དེ་ལྟ་	NO_POS
བུ་	བུ་	NOUN
ཡིན་	ཡིན་	NO_POS
དུ་	ལ་	PART
ཟིན་	ཟིན་	VERB
ཀྱང་	ཀྱང་	PART
སྣང་ཚུལ་	སྣང་ཚུལ་	VERB
ལ་	ལ་	PART
བརྟེན་	བརྟེན་	VERB
ན་	ནས་	PART
ཐ་སྙད་	ཐ་སྙད་	NOUN
ཙམ་	ཙམ་	DET
གྱི་	གི་	PART
ཚུལ་	ཚུལ་	NOUN
གྱིས་	གིས་	PART
སོ་སོ་	སོ་སོ་	PRON
ར་	ལ་	PART
རབ་ཏུ་	རབ་ཏུ་	NO_POS
དབྱེ་	དབྱེ་	VERB
ན་	ལ་	PART
།		PUNCT
འདི་ལྟར་	འདི་ལྟར་	NO_POS
འཁྲུལ་སྣང་	འཁྲུལ་སྣང་	OTHER
གིས་	གིས་	PART
བསྡུས་པ་	བསྡུས་པ་	VERB
གཟུང་འཛིན་	གཟུང་འཛིན་	NOUN
གྱི་	གི་	PART
རྟོག་པ་	རྟོག་པ་	VERB
འི་	གི་	PART
དབང་	དབང་	NOUN
གིས་	གིས་	PART
སྣང་བ་	སྣང་བ་	VERB
འཁོར་བ་	འཁོར་བ་	NOUN
འི་	གི་	PART
ཆོ་	ཆོ་	NOUN
སུ་	ལ་	PART
གཏོགས་པ་	གཏོགས་པ་	VERB
ཐམས་ཅད་	ཐམས་ཅད་	DET
།		PUNCT
བརྟག་	བརྟག་	VERB
ན་	ལ་	PART
མི་	མི་	PART
བདེན་	བདེན་	VERB
ཞིང་	ཅིང་	PART
གཡོ་	གཡོ་	VERB
ཞིང་	ཅིང་	PART
མི་རྟག་པ་	མི་རྟག་པ་	OTHER
ས་	གིས་	PART
ན་	ལ་	PART
བསླུ་བ་	བསླུ་བ་	VERB
འི་	གི་	PART
ཆོས་ཅན་	ཆོས་ཅན་	NOUN
ཀུན་རྫོབ་	ཀུན་རྫོབ་	NOUN
ཀྱི་	གི་	PART
བདེན་པ་	བདེན་པ་	VERB
ཡིན་	ཡིན་	NO_POS
ལ་	ལ་	PART
།		PUNCT
རྟོགས་དཀའ་	རྟོགས་དཀའ་	NO_POS
བ་	བ་	ADP
ཟབ་པ་	ཟབ་པ་	VERB
དང་	དང་	NO_POS
སྤྲོས་ཀུན་	སྤྲོས་ཀུན་	NO_POS
ཉེ་བ་		
ཞི་བ་	ཞི་བ་	VERB
དང་	དང་	NO_POS
།		PUNCT
མཁྱེན་པ་	མཁྱེན་པ་	VERB
འི་	གི་	PART
ཡེ་ཤེས་	ཡེ་ཤེས་	NOUN
འོད་གསལ་	འོད་གསལ་	NOUN
ཞིང་	ཅིང་	PART
སྡུག་བསྔལ་	སྡུག་བསྔལ་	NOUN
མཐའ་དག་	མཐའ་དག་	DET
སྤངས་པ་	སྤངས་པ་	VERB
ས་	གིས་	PART
ན་	ལ་	PART
མྱ་ངན་	མྱ་ངན་	NOUN
ལ་	ལ་	ADP
ས་	གིས་	PART
འདས་པ་	འདས་པ་	VERB
ཆེན་པོ་	ཆེན་པོ་	ADJ
ས་	གིས་	PART
བསྡུས་པ་	བསྡུས་པ་	VERB
འི་	གི་	PART
ཆོ་	ཆོ་	NOUN
རྣམས་	རྣམས་	DET
ནི་	ནི་	NO_POS
།		PUNCT
རྡུལ་	རྡུལ་	NOUN
དང་	དང་	NO_POS
སྐད་ཅིག་མ་	སྐད་ཅིག་མ་	ADJ
འི་	གི་	PART
ཆོ་	ཆོ་	NOUN
ལ་	ལ་	ADP
ས་	གིས་	PART
འདས་པ་	འདས་པ་	VERB
ས་	གིས་	PART
ན་	ལ་	PART
།		PUNCT
འགྱུར་བ་	འགྱུར་བ་	VERB
འི་	གི་	PART
ཟུག་རྔུ་	ཟུག་རྔུ་	NOUN
དང་	དང་	NO_POS
བྲལ་བ་	བྲལ་བ་	VERB
འགྱུར་བ་	འགྱུར་བ་	VERB
མེད་པ་	མེད་པ་	VERB
འི་	གི་	PART
རང་བཞིན་	རང་བཞིན་	NOUN
ཅན་	ཅན་	PART
དོན་དམ་པ་	དོན་དམ་པ་	NOUN
འི་	གི་	PART
བདེན་པ་	བདེན་པ་	VERB
ར་	ལ་	PART
འདོད་	འདོད་	VERB
དོ་	གོ་	PART
། །		PUNCT
ཀུན་རྫོབ་	ཀུན་རྫོབ་	NOUN
དོན་དམ་	དོན་དམ་	NOUN
གྱི་	གི་	PART
འཇོག་	འཇོག་	VERB
ཚུལ་	ཚུལ་	NOUN
འདི་	འདི་	DET
ལ་	ལ་	PART
སྣང་ཚུལ་	སྣང་ཚུལ་	VERB
དང་	དང་	NO_POS
གནས་ཚུལ་	གནས་ཚུལ་	VERB
གྱིས་	གིས་	PART
བཞག་པ་	བཞག་པ་	VERB
ནི་	ནི་	NO_POS
སྣང་	སྣང་	VERB
ཆ་	ཆ་	NOUN
དང་	དང་	NO_POS
སྟོང་ཆ་	སྟོང་ཆ་	NO_POS
ལ་	ལ་	PART
འཇོག་པ་	འཇོག་པ་	VERB
ས་	གིས་	PART
དེ་	སྟེ་	PART
ནི་	ནི་	NO_POS
འཁོར་འདས་	འཁོར་འདས་	NOUN
གཉིས་ཀ་	གཉིས་ཀ་	OTHER
ར་	ལ་	PART
འདྲ་	འདྲ་	VERB
ཞིང་	ཅིང་	PART
མཉམ་	མཉམ་	VERB
ལ་	ལ་	PART
།		PUNCT
འདི་	འདི་	DET
ར་	ལ་	PART
གནས་ཚུལ་	གནས་ཚུལ་	VERB
དང་	དང་	NO_POS
སྣང་ཚུལ་	སྣང་ཚུལ་	VERB
མཐུན་པ་	མཐུན་པ་	VERB
དང་	དང་	NO_POS
མི་མཐུན་པ་	མི་མཐུན་པ་	NO_POS
ལ་དོན་	ལ་དོན་	OTHER
དམ་	གམ་	PART
དང་	དང་	NO_POS
ཀུན་རྫོབ་	ཀུན་རྫོབ་	NOUN
ཏུ་	ལ་	PART
འཇོག་པ་	འཇོག་པ་	VERB
འི་	གི་	PART
ལུགས་	ལུགས་	NOUN
ཏེ་	སྟེ་	PART
།		PUNCT
དེ་ལྟ་	དེ་ལྟ་	NO_POS
བུ་	བུ་	NOUN
འི་	གི་	PART
སྲོལ་	སྲོལ་	NOUN
ཆེན་པོ་	ཆེན་པོ་	ADJ
གཉིས་	གཉིས་	NUM
སུ་	ལ་	PART
གནས་པ་	གནས་པ་	VERB
ནི་	ནི་	NO_POS
མདོ་	མདོ་	NOUN
རྣམས་	རྣམས་	DET
ན་	ན་	ADP
འང་	ཀྱང་	PART
མང་	མང་	VERB
དུ་	ལ་	PART
འབྱུང་བ་	འབྱུང་བ་	VERB
ཡིན་པ་	ཡིན་པ་	AUX
ས་	གིས་	PART
ཕན་ཚུན་	ཕན་ཚུན་	ADV
ཤན་ཤོར་	ཤན་ཤོར་	NO_POS
བར་མི་	བར་མི་	NO_POS
བྱ་	བྱ་	VERB
ལ་	ལ་	PART
།		PUNCT
ཕྱི་མ་	ཕྱི་མ་	ADJ
འི་	གི་	PART
འཇོག་	འཇོག་	VERB
ཚུལ་	ཚུལ་	NOUN
འདི་	འདི་	DET
ནི་	ནི་	NO_POS
ཐ་སྙད་	ཐ་སྙད་	NOUN
དཔྱོད་པ་	དཔྱོད་པ་	VERB
འི་	གི་	PART
ཚད་མ་	ཚད་མ་	NOUN
ས་	གིས་	PART
ཡང་དག་	ཡང་དག་	ADJ
དང་	དང་	NO_POS
ཡང་དག་	ཡང་དག་	ADJ
མིན་པ་	མིན་པ་	VERB
ར་	ལ་	PART
ཕྱེ་	ཕྱེ་	VERB
ན་	ནས་	PART
བདེན་	བདེན་	VERB
གཉིས་	གཉིས་	NUM
འཇོག་	འཇོག་	VERB
ཚུལ་	ཚུལ་	NOUN
ཡིན་པ་	ཡིན་པ་	AUX
ས་	གིས་	PART
།		PUNCT
གཞུང་	གཞུང་	NOUN
འདི་	འདི་	DET
ར་	ལ་	PART
ཡང་	ཀྱང་	PART
།		PUNCT
ཐ་	ཐ་	NOUN
སྙན་	སྙན་	NOUN
བདེན་	བདེན་	VERB
གཉིས་	གཉིས་	NUM
ཚུལ་	ཚུལ་	NOUN
གྱིས་	གིས་	PART
རབ་	རབ་	ADV
དབྱེ་	དབྱེ་	VERB
ན་	ལ་	PART
། །		PUNCT
ཞེ་	ཅེས་	PART
གསུངས་པ་	གསུངས་པ་	VERB
ལྟ་	ལྟ་	OTHER
རྟོགས་པ་	རྟོགས་པ་	VERB
ར་	ལ་	PART
བྱ་	བྱ་	VERB
སྟེ་	སྟེ་	PART
།		PUNCT
དོན་དམ་	དོན་དམ་	NOUN
དཔྱོད་	དཔྱོད་	VERB
བྱེད་	བྱེད་	VERB
ཀྱི་	གི་	PART
ཚད་མ་	ཚད་མ་	NOUN
ས་	གིས་	PART
།		PUNCT
མྱང་འདས་	མྱང་འདས་	NOUN
དཔྱད་	དཔྱད་	VERB
བཟོད་	བཟོད་	VERB
དམ་	གམ་	PART
བདེན་གྲུབ་	བདེན་གྲུབ་	NO_POS
ཏུ་	ལ་	PART
བསྒྲུབ་པ་	བསྒྲུབ་པ་	VERB
མིན་པ་	མིན་པ་	VERB
ར་	ལ་	PART
ཤན་	ཤན་	NOUN
ཕྱེད་པ་	ཕྱེད་པ་	VERB
གལ་ཆེ་	གལ་ཆེ་	OTHER
འོ་	གོ་	PART
། །		PUNCT
དེ་ཡང་	དེ་ཡང་	ADV
གཉིས་	གཉིས་	NUM
སྣང་	སྣང་	VERB
དང་	དང་	NO_POS
བཅས་པ་	བཅས་པ་	VERB
འི་	གི་	PART
སྤྱོད་ཡུལ་	སྤྱོད་ཡུལ་	NOUN
དུ་	ལ་	PART
མི་	མི་	PART
བརྟན་གཡོ་བ་	བརྟན་གཡོ་བ་	NO_POS
འི་	གི་	PART
ངང་ཚུལ་	ངང་ཚུལ་	OTHER
ཅན་	ཅན་	PART
གྱི་	གི་	PART
ཀུན་རྫོབ་	ཀུན་རྫོབ་	NOUN
འདི་ལྟར་	འདི་ལྟར་	NO_POS
སྣང་བ་	སྣང་བ་	VERB
སྣ་ཚོགས་པ་	སྣ་ཚོགས་པ་	DET
འདི་	འདི་	DET
ཡང་	ཀྱང་	PART
།		PUNCT
སྒྱུ་མ་	སྒྱུ་མ་	NOUN
ཆུ་ཟླ་	ཆུ་ཟླ་	NOUN
སྤྲུལ་པ་	སྤྲུལ་པ་	VERB
གཟུགས་བརྙན་	གཟུགས་བརྙན་	NOUN
བཞིན་	བཞིན་	NOUN
དུ་	ལ་	PART
བརྟགས་	བརྟགས་	VERB
ན་	ལ་	PART
རང་བཞིན་	རང་བཞིན་	NOUN
དུ་	ལ་	PART
གྲུབ་པ་	གྲུབ་པ་	VERB
རྡུལ་	རྡུལ་	NOUN
ཙམ་	ཙམ་	DET
མེད་	མེད་	VERB
ལ་	ལ་	PART
།		PUNCT
མེད་	མེད་	VERB
ཀྱང་	ཀྱང་	PART
སྣང་	སྣང་	VERB
ནི་	ནི་	NO_POS
སྣང་བ་	སྣང་བ་	VERB
གང་ཡིན་པ་	གང་ཡིན་པ་	NO_POS
འདི་དག་	འདི་དག་	NO_POS
དོན་དམ་	དོན་དམ་	NOUN
དཔྱོད་	དཔྱོད་	VERB
བྱེད་	བྱེད་	VERB
ཀྱི་	གི་	PART
རིགས་པ་	རིགས་པ་	VERB
ས་	གིས་	PART
ཤིན་ཏུ་	ཤིན་ཏུ་	NO_POS
བརྟགས་	བརྟགས་	VERB
ན་	ལ་	PART
རགས་པ་	རགས་པ་	VERB
འི་	གི་	PART
གཞི་	གཞི་	NOUN
དང་	དང་	NO_POS
ཕྲ་བ་	ཕྲ་བ་	VERB
འི་	གི་	PART
རྩ་བ་	རྩ་བ་	NOUN
ར་	ལ་	PART
གྱུར་བ་	གྱུར་བ་	VERB
འི་	གི་	PART
དངོས་པོ་	དངོས་པོ་	NOUN
རྡུལ་	རྡུལ་	NOUN
ཕྲ་རབ་	ཕྲ་རབ་	NO_POS
ཙམ་	ཙམ་	DET
ཡང་	ཀྱང་	PART
གྲུབ་པ་	གྲུབ་པ་	VERB
མེད་པ་	མེད་པ་	VERB
ས་	གིས་	PART
ན་	ལ་	PART
།		PUNCT
ནམ་མཁའ་	ནམ་མཁའ་	NOUN
དང་	དང་	NO_POS
འདྲ་བ་	འདྲ་བ་	VERB
ར་	ལ་	PART
སྟོང་	སྟོང་	NUM
ཞིང་	ཅིང་	PART
།		PUNCT
ཆོ་	ཆོ་	NOUN
རང་རང་	རང་རང་	NO_POS
གི་	གི་	PART
མཚན་ཉིད་	མཚན་ཉིད་	NOUN
ཀྱིས་	གིས་	PART
གྲུབ་པ་	གྲུབ་པ་	VERB
རྣམ་པ་	རྣམ་པ་	NOUN
ར་	ལ་	PART
ཆད་པ་	ཆད་པ་	VERB
ས་	གིས་	PART
བརྟག་པ་	བརྟག་པ་	VERB
ར་	ལ་	PART
མི་	མི་	PART
བཟོད་	བཟོད་	VERB
ཀྱང་	ཀྱང་	PART
།		PUNCT
མ་	མ་	PART
བརྟགས་	བརྟགས་	VERB
མ་	མ་	PART
དཔྱོད་པ་	དཔྱོད་པ་	VERB
ར་	ལ་	PART
བག་ཡངས་	བག་ཡངས་	NO_POS
སམ་	གམ་	PART
ཉམས་	ཉམས་	NOUN
དགའ་བ་	དགའ་བ་	VERB
ཙམ་	ཙམ་	DET
གྱི་	གི་	PART
སྤྱོད་ཡུལ་	སྤྱོད་ཡུལ་	NOUN
དུ་	ལ་	PART
ནི་	ནི་	NO_POS
རྣམ་པ་	རྣམ་པ་	NOUN
སྣ་ཚོགས་པ་	སྣ་ཚོགས་པ་	DET
འི་	གི་	PART
རང་བཞིན་	རང་བཞིན་	NOUN
དུ་	ལ་	PART
སྣང་བ་	སྣང་བ་	VERB
ནི་	ནི་	NO_POS
དཔེར་ན་	དཔེར་ན་	NO_POS
མེད་	མེད་	VERB
བཞིན་	བཞིན་	NOUN
སྣང་བ་	སྣང་བ་	VERB
སྒྱུ་མ་	སྒྱུ་མ་	NOUN
འི་	གི་	PART
རྟ་	རྟ་	NOUN
གླང་	གླང་	NOUN
ལ་སོགས་པ་	ལ་སོགས་པ་	NO_POS
བཞིན་	བཞིན་	NOUN
ནོ་	གོ་	PART
། །		PUNCT
མེད་	མེད་	VERB
བཞིན་	བཞིན་	NOUN
དུ་	ལ་	PART
ཡང་	ཀྱང་	PART
སྣང་བ་	སྣང་བ་	VERB
འི་	གི་	PART
རྒྱུ་	རྒྱུ་	NOUN
ཅི་ཞིག་	ཅི་ཞིག་	NO_POS
ཡིན་	ཡིན་	NO_POS
ཅེ་ན་	ཅེ་ན་	PART
།		PUNCT
ཐོག་མེད་	ཐོག་མེད་	PROPN
ན་	ནས་	PART
གོམས་པ་	གོམས་པ་	VERB
འི་	གི་	PART
བག་ཆགས་	བག་ཆགས་	NOUN
གང་ཞིག་	གང་ཞིག་	NO_POS
འཁྲུལ་པ་	འཁྲུལ་པ་	NO_POS
འི་	གི་	PART
རང་བཞིན་	རང་བཞིན་	NOUN
ཅན་	ཅན་	PART
གྱི་	གི་	PART
རྟེན་	རྟེན་	NOUN
ཅིང་	ཅིང་	PART
འབྲེལ་པ་	འབྲེལ་པ་	VERB
ལ་	ལ་	ADP
ས་	གིས་	PART
བྱུང་བ་	བྱུང་བ་	VERB
ཡིན་	ཡིན་	NO_POS
ཏེ་	སྟེ་	PART
།		PUNCT
དཔེ་	དཔེ་	NOUN
ཅི་	ཅི་	NO_POS
ལྟ་	ལྟ་	OTHER
ན་	ལ་	PART
དྷ་		NON_WORD
དུར་	དུར་	NOUN
ཟོས་པ་	ཟོས་པ་	VERB
ཡི་	གི་	PART
གང་ཟག་	གང་ཟག་	NOUN
གི་	གི་	PART
མིག་ལམ་	མིག་ལམ་	NO_POS
དུ་	ལ་	PART
གླང་པོ་	གླང་པོ་	NOUN
ལ་སོགས་པ་	ལ་སོགས་པ་	NO_POS
སྣང་བ་	སྣང་བ་	VERB
བཞིན་	བཞིན་	NOUN
ནོ་	གོ་	PART
། །		PUNCT
དེ་ལྟ་	དེ་ལྟ་	NO_POS
འཁྲུལ་པ་	འཁྲུལ་པ་	NO_POS
འི་	གི་	PART
སྣང་བ་	སྣང་བ་	VERB
འདི་དག་	འདི་དག་	NO_POS
རང་བཞིན་	རང་བཞིན་	NOUN
གྱིས་	གིས་	PART
ཆོས་བདག་	ཆོས་བདག་	NO_POS
གིས་	གིས་	PART
སྟོང་	སྟོང་	NUM
ཞིང་	ཅིང་	PART
གང་ཟག་	གང་ཟག་	NOUN
གི་	གི་	PART
བདག་མེད་པ་	བདག་མེད་པ་	ADJ
དེ་ཉིད་	དེ་ཉིད་	NOUN
།		PUNCT
སྣང་	སྣང་	VERB
བདེ་	བདེ་	VERB
ཡི་	གི་	PART
ཡིན་ལུགས་	ཡིན་ལུགས་	AUX
སམ་	གམ་	PART
གནས་ལུགས་	གནས་ལུགས་	VERB
ཡིན་པ་	ཡིན་པ་	AUX
འི་	གི་	PART
ཕྱི་	ཕྱི་	OTHER
སྟོང་པ་	སྟོང་པ་	VERB
འི་	གི་	PART
ཆ་	ཆ་	NOUN
དེ་	སྟེ་	PART
ལ་དོན་	ལ་དོན་	OTHER
དམ་	གམ་	PART
ཞེ་	ཅེས་	PART
བྱ་	བྱ་	VERB
ཞིང་	ཅིང་	PART
དེ་	དེ་	DET
འི་	གི་	PART
སྣང་	སྣང་	VERB
ཆ་	ཆ་	NOUN
ལ་	ལ་	PART
ཀུན་རྫོབ་	ཀུན་རྫོབ་	NOUN
ཅེས་	ཅེས་	PART
སུ་	ལ་	PART
བཞག་པ་	བཞག་པ་	VERB
ཡིན་	ཡིན་	NO_POS
ཏེ་	སྟེ་	PART
།		PUNCT
དེ་ལྟ་	དེ་ལྟ་	NO_POS
སྣང་བ་	སྣང་བ་	VERB
འི་	གི་	PART
དུས་	དུས་	NOUN
ཉིད་	ཉིད་	DET
ན་	ནས་	PART
ཀྱང་	ཀྱང་	PART
སྐྱེ་བ་	སྐྱེ་བ་	VERB
དང་	དང་	NO_POS
གནས་པ་	གནས་པ་	VERB
སོགས་	སོགས་	DET
སུ་	ལ་	PART
གྲུབ་པ་	གྲུབ་པ་	VERB
མེད་པ་	མེད་པ་	VERB
ས་	གིས་	PART
ན་	ལ་	PART
།		PUNCT
ཆོ་	ཆོ་	NOUN
དེ་	སྟེ་	PART
དང་	དང་	NO_POS
དེ་	དེ་	DET
འི་	གི་	PART
རང་བཞིན་	རང་བཞིན་	NOUN
ནམ་	གམ་	PART
གནས་ལུགས་	གནས་ལུགས་	VERB
ནི་	ནི་	NO_POS
སྣང་སྟོང་	སྣང་སྟོང་	NO_POS
འདུ་	འདུ་	VERB
འབྲལ་	འབྲལ་	NO_POS
མེད་པ་	མེད་པ་	VERB
ར་	ལ་	PART
གནས་པ་	གནས་པ་	VERB
དེ་	སྟེ་	PART
ཡིན་པ་	ཡིན་པ་	AUX
འི་	གི་	PART
ཕྱི་	ཕྱི་	OTHER
བདེན་པ་	བདེན་པ་	VERB
དབྱེ་	དབྱེ་	VERB
ར་	ལ་	PART
མེད་པ་	མེད་པ་	VERB
འི་	གི་	PART
བདག་ཉིད་	བདག་ཉིད་	NOUN
དོ་	གོ་	PART
། །		PUNCT
གཉིས་པ་	གཉིས་པ་	NUM
ལམ་	གམ་	PART
འཁོར་འདས་	འཁོར་འདས་	NOUN
དབྱེ་	དབྱེ་	VERB
ར་	ལ་	PART
མེད་	མེད་	VERB
ནི་	ནི་	NO_POS
།		PUNCT
འཁོར་བ་	འཁོར་བ་	NOUN
དེ་	སྟེ་	PART
ཡི་	གི་	PART
རང་བཞིན་	རང་བཞིན་	NOUN
གདོད་	གདོད་	NO_POS
ན་	ནས་	PART
སྐྱེ་བ་	སྐྱེ་བ་	VERB
མེད་པ་	མེད་པ་	VERB
འི་	གི་	PART
བདག་ཉིད་	བདག་ཉིད་	NOUN
རྣམ་པ་	རྣམ་པ་	NOUN
ར་	ལ་	PART
དག་པ་	དག་པ་	VERB
སྟོང་པ་	སྟོང་པ་	VERB
འི་	གི་	PART
ཆ་	ཆ་	NOUN
དབྱིངས་	དབྱིངས་	NOUN
ཀྱི་	གི་	PART
དོན་དམ་	དོན་དམ་	NOUN
དང་	དང་	NO_POS
།		PUNCT
མཁྱེན་	མཁྱེན་	VERB
ཆ་	ཆ་	NOUN
འོད་གསལ་བ་	འོད་གསལ་བ་	NO_POS
འི་	གི་	PART
དོན་དམ་	དོན་དམ་	NOUN
ཞེ་	ཅེས་	PART
ཡེ་ཤེས་	ཡེ་ཤེས་	NOUN
དང་	དང་	NO_POS
འབྲས་བུ་	འབྲས་བུ་	NOUN
འི་	གི་	PART
དོན་དམ་	དོན་དམ་	NOUN
བསྟན་པ་	བསྟན་པ་	VERB
འོ་	གོ་	PART
། །		PUNCT
དེ་ཡང་	དེ་ཡང་	ADV
རིག་པ་	རིག་པ་	VERB
རང་བྱུང་	རང་བྱུང་	NOUN
གི་	གི་	PART
ཡེ་ཤེས་	ཡེ་ཤེས་	NOUN
ཉིད་	ཉིད་	DET
ལ་	ལ་	PART
ལྡོག་	ལྡོག་	VERB
ཆ་	ཆ་	NOUN
ས་	གིས་	PART
བྱེད་པ་	བྱེད་པ་	VERB
ལྔ་	ལྔ་	NUM
དང་	དང་	NO_POS
།		PUNCT
དེ་	སྟེ་	PART
ལ་	ལ་	PART
བརྟེན་	བརྟེན་	VERB
ན་	ནས་	PART
སྐུ་ལྔ་	སྐུ་ལྔ་	OTHER
འབྱུང་བ་	འབྱུང་བ་	VERB
ས་	གིས་	PART
ན་	ལ་	PART
འབྲས་བུ་	འབྲས་བུ་	NOUN
དང་	དང་	NO_POS
ཡེ་ཤེས་	ཡེ་ཤེས་	NOUN
ཀྱི་	གི་	PART
དོན་དམ་	དོན་དམ་	NOUN
ནི་	ནི་	NO_POS
འོད་གསལ་བ་	འོད་གསལ་བ་	NO_POS
ཉིད་	ཉིད་	DET
ལ་	ལ་	PART
འདུས་པ་	འདུས་པ་	VERB
བཞིན་	བཞིན་	NOUN
ནོ་	གོ་	PART
། །		PUNCT
དེ་ལྟ་	དེ་ལྟ་	NO_POS
ན་	ལ་	PART
སྟོང་པ་	སྟོང་པ་	VERB
དབྱིངས་	དབྱིངས་	NOUN
དང་	དང་	NO_POS
གསལ་བ་	གསལ་བ་	VERB
ཡེ་ཤེས་	ཡེ་ཤེས་	NOUN
གཉིས་པོ་	གཉིས་པོ་	NUM
གཉིས་	གཉིས་	NUM
སུ་	ལ་	PART
མེད་	མེད་	VERB
ཅིང་	ཅིང་	PART
གཉིས་	གཉིས་	NUM
སུ་	ལ་	PART
བྱར་མེད་པ་	བྱར་མེད་པ་	NOUN
ས་	གིས་	PART
ན་	ལ་	PART
།		PUNCT
སྣང་ཚུལ་	སྣང་ཚུལ་	VERB
འཁོར་བ་	འཁོར་བ་	NOUN
ལྟ་	ལྟ་	OTHER
སྣང་བ་	སྣང་བ་	VERB
ཉིད་	ཉིད་	DET
གནས་ཚུལ་	གནས་ཚུལ་	VERB
ལ་	ལ་	PART
རང་བཞིན་	རང་བཞིན་	NOUN
གྱིས་	གིས་	PART
མྱ་ངན་	མྱ་ངན་	NOUN
ལ་	ལ་	ADP
ས་	གིས་	PART
འདས་པ་	འདས་པ་	VERB
ར་	ལ་	PART
གནས་པ་	གནས་པ་	VERB
སྟེ་	སྟེ་	PART
གཤིས་	གཤིས་	OTHER
ལ་	ལ་	PART
འཁོར་འདས་	འཁོར་འདས་	NOUN
གཉིས་	གཉིས་	NUM
སུ་	ལ་	PART
མེད་	མེད་	VERB
ཅིང་	ཅིང་	PART
བདེན་པ་	བདེན་པ་	VERB
གཉིས་	གཉིས་	NUM
སུ་	ལ་	PART
དབྱེ་	དབྱེ་	VERB
ར་	ལ་	PART
མེད་	མེད་	VERB
དོ་	གོ་	PART
། །		PUNCT
དབྱིངས་	དབྱིངས་	NOUN
དོན་དམ་	དོན་དམ་	NOUN
དང་	དང་	NO_POS
འོད་གསལ་བ་	འོད་གསལ་བ་	NO_POS
འི་	གི་	PART
དོན་དམ་	དོན་དམ་	NOUN
དབྱེ་	དབྱེ་	VERB
ར་	ལ་	PART
མེད་	མེད་	VERB
དུ་	ལ་	PART
ཆུག་	ཆུག་	VERB
ཀྱང་	ཀྱང་	PART
དྲི་མ་	དྲི་མ་	NOUN
ར་	ལ་	PART
ལྡན་པ་	ལྡན་པ་	VERB
འི་	གི་	PART
འཁོར་བ་	འཁོར་བ་	NOUN
ཉིད་	ཉིད་	DET
དྲི་མ་	དྲི་མ་	NOUN
མེད་པ་	མེད་པ་	VERB
འི་	གི་	PART
མྱང་འདས་	མྱང་འདས་	NOUN
སུ་	ལ་	PART
ཅི་	ཅི་	NO_POS
ལྟ་	ལྟ་	OTHER
རུང་	རུང་	SCONJ
སྙམ་	སྙམ་	VERB
ན་	ལ་	PART
།		PUNCT
འདི་ལྟར་	འདི་ལྟར་	NO_POS
མ་	མ་	PART
དག་པ་	དག་པ་	VERB
འི་	གི་	PART
བློ་	བློ་	NOUN
ཅན་	ཅན་	PART
རྣམས་	རྣམས་	DET
ཀྱི་	གི་	PART
ངོ་	ངོ་	PART
ར་	ལ་	PART
སྡུག་	སྡུག་	VERB
ཀུན་	ཀུན་	DET
གྱིས་	གིས་	PART
བསྡུས་པ་	བསྡུས་པ་	VERB
དྲི་མ་	དྲི་མ་	NOUN
ར་	ལ་	PART
ལྡན་པ་	ལྡན་པ་	VERB
འཁོར་བ་	འཁོར་བ་	NOUN
འི་	གི་	PART
ཆོ་	ཆོ་	NOUN
སུ་	ལ་	PART
སྣང་	སྣང་	VERB
ན་	ལ་	PART
ཡང་	ཀྱང་	PART
།		PUNCT
སྣང་བ་	སྣང་བ་	VERB
ལྟ་	ལྟ་	OTHER
འཁོར་བ་	འཁོར་བ་	NOUN
ཉིད་	ཉིད་	DET
གྲུབ་	གྲུབ་	VERB
ན་	ལ་	PART
མྱང་འདས་	མྱང་འདས་	NOUN
སུ་	ལ་	PART
མི་	མི་	PART
རུང་	རུང་	SCONJ
ཡང་	ཀྱང་	PART
།		PUNCT
འཁོར་བ་	འཁོར་བ་	NOUN
ཉིད་	ཉིད་	DET
རིགས་པ་	རིགས་པ་	VERB
ས་	གིས་	PART
བརྟགས་	བརྟགས་	VERB
ན་མ་	ན་མ་	PROPN
གྲུབ་པ་	གྲུབ་པ་	VERB
ས་	གིས་	PART
ན་	ལ་	PART
དྲི་མ་	དྲི་མ་	NOUN
ར་	ལ་	PART
ལྡན་པ་	ལྡན་པ་	VERB
ས་	གིས་	PART
འཁོར་བ་	འཁོར་བ་	NOUN
འི་	གི་	PART
རང་བཞིན་	རང་བཞིན་	NOUN
ཅུང་ཟད་	ཅུང་ཟད་	ADV
ཀྱང་	ཀྱང་	PART
མེད་	མེད་	VERB
དེ་	སྟེ་	PART
གདོད་	གདོད་	NO_POS
ན་	ནས་	PART
དག་པ་	དག་པ་	VERB
དབྱིངས་	དབྱིངས་	NOUN
ཀྱི་	གི་	PART
དོན་དམ་པ་	དོན་དམ་པ་	NOUN
དང་	དང་	NO_POS
།		PUNCT
གཞི་	གཞི་	NOUN
ཐ་དད་པ་	ཐ་དད་པ་	ADJ
དང་	དང་	NO_POS
རྣམ་པ་	རྣམ་པ་	NOUN
སོ་སོ་	སོ་སོ་	PRON
ར་	ལ་	PART
དབྱེ་བ་	དབྱེ་བ་	VERB
འི་	གི་	PART
ཆོ་	ཆོ་	NOUN
ཡང་དག་པ་	ཡང་དག་པ་	ADJ
འི་	གི་	PART
དོན་	དོན་	NOUN
ལ་མ་	ལ་མ་	NO_POS
གྲུབ་པ་	གྲུབ་པ་	VERB
ས་	གིས་	PART
དོན་དམ་པ་	དོན་དམ་པ་	NOUN
ར་	ལ་	PART
འཁོར་འདས་	འཁོར་འདས་	NOUN
དབྱེ་	དབྱེ་	VERB
ར་	ལ་	PART
མེད་	མེད་	VERB
སྲིད་ཞི་	སྲིད་ཞི་	NOUN
མཉམ་པ་ཉིད་	མཉམ་པ་ཉིད་	NOUN
དུ་	ལ་	PART
བསྟན་པ་	བསྟན་པ་	VERB
ཡིན་	ཡིན་	NO_POS
ནོ་	གོ་	PART
། །		PUNCT
འདི་	འདི་	DET
ལ་	ལ་	ADP
ས་	གིས་	PART
གཞན་	གཞན་	DET
དུ་	ལ་	PART
གནས་ལུགས་	གནས་ལུགས་	VERB
ཡང་དག་པ་	ཡང་དག་པ་	ADJ
འི་	གི་	PART
དོན་	དོན་	NOUN
དུ་	ལ་	PART
ན་	ལ་	PART
།		PUNCT
འཁོར་འདས་	འཁོར་འདས་	NOUN
ཐ་དད་	ཐ་དད་	ADJ
དུ་	ལ་	PART
རྟོག་པ་	རྟོག་པ་	VERB
ནི་	ནི་	NO_POS
ལོག་པ་	ལོག་པ་	VERB
འི་	གི་	PART
བློ་	བློ་	NOUN
ཡིན་	ཡིན་	NO_POS
ཏེ་	སྟེ་	PART
།		PUNCT
དངོས་པོ་	དངོས་པོ་	NOUN
འི་	གི་	PART
དེ་	སྟེ་	PART
ཁོ་ན་ཉིད་	ཁོ་ན་ཉིད་	NO_POS
ཀྱི་	གི་	PART
དོན་	དོན་	NOUN
ལ་	ལ་	PART
རབ་ཏུ་	རབ་ཏུ་	NO_POS
རྨོངས་	རྨོངས་	VERB
ཞིང་	ཅིང་	PART
ངེས་དོན་	ངེས་དོན་	NOUN
གྱི་	གི་	PART
མདོ་སྡེ་	མདོ་སྡེ་	NOUN
འི་	གི་	PART
དགོངས་པ་	དགོངས་པ་	VERB
ཟབ་མོ་	ཟབ་མོ་	ADJ
ཁོང་	ཁོང་	PRON
དུ་མ་	དུ་མ་	ADJ
ཆུད་པ་	ཆུད་པ་	VERB
ཞེ་	ཅེས་	PART
བྱ་	བྱ་	VERB
འོ་	གོ་	PART
། །		PUNCT
དེ་ལྟ་	དེ་ལྟ་	NO_POS
མ་	མ་	PART
རྟོགས་	རྟོགས་	VERB
བཞིན་	བཞིན་	NOUN
དུ་	ལ་	PART
ཐ་སྙད་	ཐ་སྙད་	NOUN
འཁྲུལ་པ་	འཁྲུལ་པ་	NO_POS
འི་	གི་	PART
སྣང་ཚུལ་	སྣང་ཚུལ་	VERB
ཙམ་	ཙམ་	DET
དུ་དུ་	དུ་དུ་	NO_POS
འང་	ཀྱང་	PART
འཁོར་འདས་	འཁོར་འདས་	NOUN
དབྱེ་	དབྱེ་	VERB
ར་	ལ་	PART
མེད་	མེད་	VERB
ཅེས་	ཅེས་	PART
ཁ་འབྱམས་	ཁ་འབྱམས་	NO_POS
ཚིག་	ཚིག་	NOUN
གི་	གི་	PART
ལྟ་བ་	ལྟ་བ་	VERB
ས་	གིས་	PART
དགེ་སྡིག་	དགེ་སྡིག་	NOUN
སྐྱོན་ཡོན་	སྐྱོན་ཡོན་	NO_POS
འདྲ་བ་	འདྲ་བ་	VERB
ར་	ལ་	PART
འཛིན་པ་	འཛིན་པ་	VERB
ནི་	ནི་	NO_POS
མི་	མི་	PART
རུང་	རུང་	SCONJ
སྟེ་	སྟེ་	PART
།		PUNCT
འཁྲུལ་པ་	འཁྲུལ་པ་	NO_POS
ཅན་	ཅན་	PART
གྱི་	གི་	PART
ངོ་	ངོ་	PART
ར་	ལ་	PART
ནི་	ནི་	NO_POS
ཇི་ལྟ་		
སྣང་བ་	སྣང་བ་	VERB
བཞིན་	བཞིན་	NOUN
དུ་	ལ་	PART
རྒྱུ་	རྒྱུ་	NOUN
དང་	དང་	NO_POS
འབྲས་བུ་	འབྲས་བུ་	NOUN
བསླུ་མེད་	བསླུ་མེད་	NO_POS
དུ་ཡོད་པ་	དུ་ཡོད་པ་	NO_POS
འི་	གི་	PART
ཕྱི་	ཕྱི་	OTHER
ན་	ལ་	PART
།		PUNCT
དགེ་སྡིག་	དགེ་སྡིག་	NOUN
གི་	གི་	PART
བླང་དོར་	བླང་དོར་	NOUN
ཕྲ་མོ་	ཕྲ་མོ་	ADJ
ཡང་	ཀྱང་	PART
མ་	མ་	PART
ནོར་བ་	ནོར་བ་	VERB
ར་	ལ་	PART
ཤེས་པ་	ཤེས་པ་	VERB
གཅེ་	གཅེ་	VERB
སོ་	གོ་	PART
། །		PUNCT
གསུམ་པ་	གསུམ་པ་	NUM
ཐོབ་	ཐོབ་	VERB
བྱ་	བྱ་	VERB
གཞི་	གཞི་	NOUN
འབྲས་	འབྲས་	NOUN
དབྱེ་	དབྱེ་	VERB
ར་	ལ་	PART
མེད་	མེད་	VERB
ནི་	ནི་	NO_POS
།		PUNCT
དུས་གསུམ་	དུས་གསུམ་	OTHER
ཀུན་	ཀུན་	DET
ཏུ་	ལ་	PART
ཡང་	ཀྱང་	PART
ཆོས་ཉིད་	ཆོས་ཉིད་	NOUN
རང་	རང་	PRON
གི་	གི་	PART
ངང་ཚུལ་	ངང་ཚུལ་	OTHER
ལ་	ལ་	ADP
ས་	གིས་	PART
འགྱུར་བ་	འགྱུར་བ་	VERB
མེད་པ་	མེད་པ་	VERB
གང་ཞིག་	གང་ཞིག་	NO_POS
འཕགས་པ་	འཕགས་པ་	VERB
རྣམས་	རྣམས་	DET
ཀྱི་	གི་	PART
གཟིགས་	གཟིགས་	VERB
ངོ་	ངོ་	PART
ར་	ལ་	PART
བདེན་པ་	བདེན་པ་	VERB
ར་	ལ་	PART
གྱུར་པ་	གྱུར་པ་	VERB
དོན་དམ་	དོན་དམ་	NOUN
བདེན་པ་	བདེན་པ་	VERB
འི་	གི་	PART
རང་བཞིན་	རང་བཞིན་	NOUN
ནི་	ནི་	NO_POS
།		PUNCT
རང་བཞིན་	རང་བཞིན་	NOUN
གྱིས་	གིས་	PART
འོད་གསལ་བ་	འོད་གསལ་བ་	NO_POS
བདེ་བ་	བདེ་བ་	VERB
ར་	ལ་	PART
གཤེགས་པ་	གཤེགས་པ་	VERB
འི་	གི་	PART
སྙིང་པོ་	སྙིང་པོ་	NOUN
རྒྱུ་རྐྱེན་	རྒྱུ་རྐྱེན་	OTHER
ལ་མ་	ལ་མ་	NO_POS
ལྟོས་པ་	ལྟོས་པ་	VERB
ར་	ལ་	PART
ཡེ་ནས་	ཡེ་ནས་	NO_POS
གནས་པ་	གནས་པ་	VERB
འམ་	གམ་	PART
ལྷུན་	ལྷུན་	NOUN
གྱི་	གི་	PART
གྲུབ་པ་	གྲུབ་པ་	VERB
སྟེ་	སྟེ་	PART
།		PUNCT
དེ་	དེ་	DET
འི་	གི་	PART
ཁྱད་པར་	ཁྱད་པར་	NOUN
ནི་	ནི་	NO_POS
ཇི་ལྟ་བུ་	ཇི་ལྟ་བུ་	NO_POS
ཞེ་ན་	ཅེ་ན་	PART
།		PUNCT
ངོ་བོ་	ངོ་བོ་	NOUN
སྟོང་	སྟོང་	NUM
ཞིང་	ཅིང་	PART
རང་བཞིན་	རང་བཞིན་	NOUN
གསལ་བ་	གསལ་བ་	VERB
།		PUNCT
དེ་ཡང་	དེ་ཡང་	ADV
མི་	མི་	PART
ཤེས་པ་	ཤེས་པ་	VERB
ལས་ལོག་པ་	ལས་ལོག་པ་	NO_POS
འི་	གི་	PART
རིག་པ་	རིག་པ་	VERB
ཡེ་ཤེས་	ཡེ་ཤེས་	NOUN
གང་ཞིག་	གང་ཞིག་	NO_POS
གསལ་སྟོང་	གསལ་སྟོང་	NO_POS
དབྱེ་	དབྱེ་	VERB
ར་	ལ་	PART
མེད་	མེད་	VERB
དུ་	ལ་	PART
ཡུལ་	ཡུལ་	NOUN
དང་	དང་	NO_POS
བྲལ་བ་	བྲལ་བ་	VERB
འི་	གི་	PART
ཚུལ་	ཚུལ་	NOUN
གྱིས་	གིས་	PART
རང་བཞིན་	རང་བཞིན་	NOUN
གསལ་བ་	གསལ་བ་	VERB
འི་	གི་	PART
རང་བཞིན་	རང་བཞིན་	NOUN
ཅན་	ཅན་	PART
སྟེ་	སྟེ་	PART
གསལ་སྟོང་	གསལ་སྟོང་	NO_POS
རིག་པ་	རིག་པ་	VERB
དེ་	སྟེ་	PART
གསུམ་	གསུམ་	NUM
དབྱེ་	དབྱེ་	VERB
ར་	ལ་	PART
མེད་པ་	མེད་པ་	VERB
འི་	གི་	PART
ཆོས་ཉིད་	ཆོས་ཉིད་	NOUN
དོ་	གོ་	PART
། །		PUNCT
འདི་ཉིད་	འདི་ཉིད་	OTHER
ལམ་རྐྱེན་	ལམ་རྐྱེན་	NO_POS
ལ་མ་	ལ་མ་	NO_POS
ལྟོས་པ་	ལྟོས་པ་	VERB
ར་	ལ་	PART
འཁོར་འདས་	འཁོར་འདས་	NOUN
ཐམས་ཅད་	ཐམས་ཅད་	DET
ལ་	ལ་	PART
ཁྱབ་པ་	ཁྱབ་པ་	VERB
ར་	ལ་	PART
བཞུགས་པ་	བཞུགས་པ་	VERB
ས་	གིས་	PART
ན་	ལ་	PART
རང་བཞིན་	རང་བཞིན་	NOUN
ལྷུན་	ལྷུན་	NOUN
གྱིས་	གིས་	PART
གྲུབ་པ་	གྲུབ་པ་	VERB
འི་	གི་	PART
དཀྱིལ་འཁོར་	དཀྱིལ་འཁོར་	NOUN
ཡིན་	ཡིན་	NO_POS
ནོ་	གོ་	PART
། །		PUNCT
ཅིའི་ཕྱིར་	ཅིའི་ཕྱིར་	NO_POS
དཀྱིལ་འཁོར་	དཀྱིལ་འཁོར་	NOUN
ཡིན་	ཡིན་	NO_POS
ཞེ་ན་	ཅེ་ན་	PART
རྒྱུ་རྐྱེན་	རྒྱུ་རྐྱེན་	OTHER
གྱི་	གི་	PART
རྩོལ་བ་	རྩོལ་བ་	VERB
ས་	གིས་	PART
མ་	མ་	PART
བསྐྱེད་པ་	བསྐྱེད་པ་	VERB
ར་	ལ་	PART
ཡེ་ནས་	ཡེ་ནས་	NO_POS
ལྷུན་	ལྷུན་	NOUN
གྱིས་	གིས་	PART
རྫོགས་པ་	རྫོགས་པ་	VERB
འི་	གི་	PART
བླ་	བླ་	NOUN
ན་	ལ་	PART
མེད་པ་	མེད་པ་	VERB
འི་	གི་	PART
བྱང་ཆུབ་	བྱང་ཆུབ་	NOUN
ཀྱི་	གི་	PART
སྙིང་པོ་	སྙིང་པོ་	NOUN
ཅན་	ཅན་	PART
ཏེ་	སྟེ་	PART
བཅུད་	བཅུད་	NOUN
དང་	དང་	NO_POS
ལྡན་པ་	ལྡན་པ་	VERB
འི་	གི་	PART
ཕྱི་	ཕྱི་	OTHER
རོ་	རོ་	NOUN
། །		PUNCT
དེ་	དེ་	DET
འི་	གི་	PART
ཚུལ་	ཚུལ་	NOUN
རྒྱས་པ་	རྒྱས་པ་	VERB
ར་	ལ་	PART
བཤད་	བཤད་	VERB
ན་	ལ་	PART
།		PUNCT
སྒྲིབ་པ་	སྒྲིབ་པ་	VERB
འི་	གི་	PART
དྲི་མ་	དྲི་མ་	NOUN
ཀུན་	ཀུན་	DET
ཡེ་ནས་	ཡེ་ནས་	NO_POS
མི་	མི་	PART
གནས་པ་	གནས་པ་	VERB
འི་	གི་	PART
ཚུལ་	ཚུལ་	NOUN
གྱིས་	གིས་	PART
རྣམ་པ་	རྣམ་པ་	NOUN
ར་	ལ་	PART
དག་	དག་	DET
ཅིང་	ཅིང་	PART
།		PUNCT
དྲི་མ་	དྲི་མ་	NOUN
དེ་	དེ་	DET
འི་	གི་	PART
རྒྱུ་	རྒྱུ་	NOUN
རྣམ་པ་	རྣམ་པ་	NOUN
ར་	ལ་	PART
རྟོག་པ་	རྟོག་པ་	VERB
འི་	གི་	PART
སྤྲོས་པ་	སྤྲོས་པ་	VERB
མ་ལུས་པ་	མ་ལུས་པ་	OTHER
དང་	དང་	NO_POS
བྲལ་བ་	བྲལ་བ་	VERB
ས་	གིས་	PART
ན་	ལ་	PART
མཐའ་	མཐའ་	NOUN
འམ་	གམ་	PART
ཕྱོགས་	ཕྱོགས་	NOUN
སུ་	ལ་	PART
ལྷུང་བ་	ལྷུང་བ་	VERB
ཀུན་	ཀུན་	DET
དང་	དང་	NO_POS
བྲལ་བ་	བྲལ་བ་	VERB
ནི་	ནི་	NO_POS
སྤང་བ་	སྤང་བ་	VERB
ཆེན་པོ་	ཆེན་པོ་	ADJ
དང་	དང་	NO_POS
།		PUNCT
དབྱིངས་	དབྱིངས་	NOUN
དེ་ཉིད་	དེ་ཉིད་	NOUN
ཟབ་མོ་	ཟབ་མོ་	ADJ
སྐུ་	སྐུ་	NOUN
དང་	དང་	NO_POS
རྣམ་རྟོག་	རྣམ་རྟོག་	NOUN
ཞི་བ་	ཞི་བ་	VERB
འི་	གི་	PART
ཡེ་ཤེས་	ཡེ་ཤེས་	NOUN
དང་	དང་	NO_POS
གདོད་	གདོད་	NO_POS
ན་	ནས་	PART
འདུ་	འདུ་	VERB
འབྲལ་	འབྲལ་	NO_POS
མེད་པ་	མེད་པ་	VERB
འི་	གི་	PART
རྟོགས་པ་	རྟོགས་པ་	VERB
ཆེན་པོ་	ཆེན་པོ་	ADJ
དང་	དང་	NO_POS
ལྡན་པ་	ལྡན་པ་	VERB
འི་	གི་	PART
ཕྱི་	ཕྱི་	OTHER
རོ་	རོ་	NOUN
། །		PUNCT
སྐུ་ལྔ་	སྐུ་ལྔ་	OTHER
དང་	དང་	NO_POS
འདུ་	འདུ་	VERB
འབྲལ་	འབྲལ་	NO_POS
མེད་	མེད་	VERB
ཀྱང་	ཀྱང་	PART
མན་ཤེལ་	མན་ཤེལ་	NO_POS
གྱི་	གི་	PART
རང་	རང་	PRON
མདངས་	མདངས་	NOUN
རྐྱེན་	རྐྱེན་	NOUN
དང་	དང་	NO_POS
མ་	མ་	PART
ཕྲད་པ་	ཕྲད་པ་	VERB
ལྟ་	ལྟ་	OTHER
སོ་སྐྱེ་	སོ་སྐྱེ་	NOUN
འི་	གི་	PART
ངོ་	ངོ་	PART
ར་	ལ་	PART
མི་	མི་	PART
སྣང་	སྣང་	VERB
ཞིང་	ཅིང་	PART
བློ་	བློ་	NOUN
ས་	གིས་	PART
བརྟག་དཔྱད་	བརྟག་དཔྱད་	OTHER
ཀྱིས་	གིས་	PART
ཇི་བཞིན་	ཇི་བཞིན་	OTHER
རྟོག་པ་	རྟོག་པ་	VERB
ར་	ལ་	PART
མི་	མི་	PART
ནུས་པ་	ནུས་པ་	VERB
ས་	གིས་	PART
ཟབ་པ་	ཟབ་པ་	VERB
འོ་	གོ་	PART
། །		PUNCT
འོད་གསལ་བ་	འོད་གསལ་བ་	NO_POS
འི་	གི་	PART
རང་	རང་	PRON
གདངས་	གདངས་	NOUN
མཁྱེན་	མཁྱེན་	VERB
ཆ་	ཆ་	NOUN
ཡེ་ཤེས་	ཡེ་ཤེས་	NOUN
མ་	མ་	PART
འགགས་པ་	འགགས་པ་	VERB
ར་	ལ་	PART
ཡོད་	ཡོད་	VERB
ཀྱང་	ཀྱང་	PART
།		PUNCT
མཐའ་	མཐའ་	NOUN
བཞི་	བཞི་	NUM
འི་	གི་	PART
རྣམ་པ་	རྣམ་པ་	NOUN
ར་	ལ་	PART
རྟོག་པ་	རྟོག་པ་	VERB
འི་	གི་	PART
གཟེབ་	གཟེབ་	NOUN
ཏུ་	ལ་	PART
མ་	མ་	PART
ཚུད་པ་	ཚུད་པ་	VERB
ར་	ལ་	PART
སྤྲོས་པ་	སྤྲོས་པ་	VERB
ཀུན་	ཀུན་	DET
རྣམ་པ་	རྣམ་པ་	NOUN
ར་	ལ་	PART
ཞི་བ་	ཞི་བ་	VERB
འི་	གི་	PART
ངང་ཚུལ་	ངང་ཚུལ་	OTHER
ཅན་	ཅན་	PART
དུ་	ལ་	PART
གནས་པ་	གནས་པ་	VERB
ས་	གིས་	PART
ན་	ལ་	PART
ཤིན་ཏུ་	ཤིན་ཏུ་	NO_POS
རྟོགས་པ་	རྟོགས་པ་	VERB
ར་	ལ་	PART
དཀའ་	དཀའ་	VERB
སྟེ་	སྟེ་	PART
། །		PUNCT
དེ་ལྟ་	དེ་ལྟ་	NO_POS
བདེ་གཤེགས་	བདེ་གཤེགས་	NOUN
སྙིང་པོ་	སྙིང་པོ་	NOUN
འི་	གི་	PART
ཚུལ་	ཚུལ་	NOUN
ནི་	ནི་	NO_POS
ས་བཅུ་	ས་བཅུ་	NO_POS
འི་	གི་	PART
སེམས་དཔའ་	སེམས་དཔའ་	NOUN
ཆེན་པོ་	ཆེན་པོ་	ADJ
རྣམས་	རྣམས་	DET
ཀྱིས་	གིས་	PART
ཀྱང་	ཀྱང་	PART
མཚན་མོ་	མཚན་མོ་	ADV
འི་	གི་	PART
གཟུགས་	གཟུགས་	NOUN
མཐོང་བ་	མཐོང་བ་	VERB
ལྟ་	ལྟ་	OTHER
ཡོད་པ་	ཡོད་པ་	VERB
ར་	ལ་	PART
ཤེ་	ཤེ་	VERB
ཀྱི་	གི་	PART
ཇི་བཞིན་	ཇི་བཞིན་	OTHER
རྟོགས་པ་	རྟོགས་པ་	VERB
ར་	ལ་	PART
མི་	མི་	PART
ནུས་པ་	ནུས་པ་	VERB
ར་	ལ་	PART
མདོ་	མདོ་	NOUN
ལ་	ལ་	ADP
ས་	གིས་	PART
གསུངས་	གསུངས་	VERB
སོ་	གོ་	PART
། །		PUNCT
དེ་ལྟ་ན་	དེ་ལྟ་ན་	NO_POS
འང་	ཀྱང་	PART
བླ་མ་	བླ་མ་	NOUN
འི་	གི་	PART
མན་ངག་	མན་ངག་	NOUN
སྙིང་པོ་	སྙིང་པོ་	NOUN
ར་	ལ་	PART
བྱ་	བྱ་	VERB
ན་སོ་	ན་སོ་	NOUN
སྐྱེ་	སྐྱེ་	NOUN
འི་	གི་	PART
ས་	ས་	ADP
ན་	ན་	ADP
འང་	ཀྱང་	PART
ཡིད་ཆེས་	ཡིད་ཆེས་	NOUN
ཤིང་	ཅིང་	PART
དེ་	སྟེ་	PART
ལ་	ལ་	PART
རྣལ་འབྱོར་	རྣལ་འབྱོར་	NOUN
དུ་	ལ་	PART
བྱེད་པ་	བྱེད་པ་	VERB
ནི་	ནི་	NO_POS
སྔགས་	སྔགས་	NOUN
ཀྱི་	གི་	PART
ཁྱད་ཆོས་	ཁྱད་ཆོས་	NOUN
ཏེ་	སྟེ་	PART
ཚུལ་	ཚུལ་	NOUN
དེ་	དེ་	DET
ས་	གིས་	PART
སྔགས་ལམ་	སྔགས་ལམ་	NO_POS
ཟབ་	ཟབ་	VERB
ཅིང་	ཅིང་	PART
མྱུར་བ་	མྱུར་བ་	VERB
ར་	ལ་	PART
གྲུབ་པ་	གྲུབ་པ་	VERB
ཡིན་	ཡིན་	NO_POS
ནོ་	གོ་	PART
། །		PUNCT
འདི་ཉིད་	འདི་ཉིད་	OTHER
སེམས་ཅན་	སེམས་ཅན་	NOUN
གྱི་	གི་	PART
ཁམས་	ཁམས་	NOUN
ན་	ལ་	PART
རང་བཞིན་	རང་བཞིན་	NOUN
གྱིས་	གིས་	PART
བཞུགས་	བཞུགས་	VERB
ཀྱང་	ཀྱང་	PART
མངོན་དུ་	མངོན་དུ་	NO_POS
མ་	མ་	PART
གྱུར་བ་	གྱུར་བ་	VERB
འི་	གི་	PART
དཔེ་	དཔེ་	NOUN
ནི་	ནི་	NO_POS
གཏེར་	གཏེར་	NOUN
ལ་སོགས་པ་	ལ་སོགས་པ་	NO_POS
གསུམ་	གསུམ་	NUM
གྱིས་	གིས་	PART
བསྟན་	བསྟན་	VERB
ཏོ་	གོ་	PART
། །		PUNCT
དེ་ཉིད་	དེ་ཉིད་	NOUN
མདོ་	མདོ་	NOUN
རྒྱུད་	རྒྱུད་	NOUN
ཀུན་	ཀུན་	DET
ན་	ནས་	PART
མཚན་	མཚན་	NOUN
གྱི་	གི་	PART
རྣམ་	རྣམ་	NOUN
གྲངས་	གྲངས་	NOUN
དུ་མ་	དུ་མ་	ADJ
ས་	གིས་	PART
བསྟན་	བསྟན་	VERB
ཅིང་	ཅིང་	PART
།		PUNCT
ཆོ་	ཆོ་	NOUN
ཀུན་	ཀུན་	DET
གྱི་	གི་	PART
སྙིང་པོ་	སྙིང་པོ་	NOUN
འདི་ཉིད་	འདི་ཉིད་	OTHER
ཟབ་པ་	ཟབ་པ་	VERB
འི་	གི་	PART
མཐར་ཐུག་པ་	མཐར་ཐུག་པ་	NOUN
ཡིན་པ་	ཡིན་པ་	AUX
ས་	གིས་	PART
ཇི་བཞིན་	ཇི་བཞིན་	OTHER
རྟོག་པ་	རྟོག་པ་	VERB
ཉུང་བ་	ཉུང་བ་	VERB
ས་	གིས་	PART
ན་	ལ་	PART
།		PUNCT
མ་	མ་	PART
རྟོག་པ་	རྟོག་པ་	VERB
འི་	གི་	PART
གོལ་ས་	གོལ་ས་	VERB
བསལ་	བསལ་	VERB
ན་	ནས་	PART
ཚུལ་བཞིན་	ཚུལ་བཞིན་	NOUN
ངེས་པ་	ངེས་པ་	VERB
རྙེད་	རྙེད་	VERB
ན་	ལ་	PART
མདོ་	མདོ་	NOUN
རྒྱུད་	རྒྱུད་	NOUN
ཟབ་མོ་	ཟབ་མོ་	ADJ
འི་	གི་	PART
དོན་	དོན་	NOUN
ལ་	ལ་	PART
ཡིད་ཆེས་	ཡིད་ཆེས་	NOUN
ཐོབ་	ཐོབ་	VERB
ན་	ནས་	PART
ལམ་	གམ་	PART
ཡོངས་སུ་	ཡོངས་སུ་	NO_POS
རྫོགས་པ་	རྫོགས་པ་	VERB
ར་	ལ་	PART
གྱུར་པ་	གྱུར་པ་	VERB
ས་	གིས་	PART
ན་	ལ་	PART
།		PUNCT
ལེའུ་	ལེའུ་	NOUN
འདི་	འདི་	DET
ར་	ལ་	PART
ཚུལ་	ཚུལ་	NOUN
དེ་	སྟེ་	PART
ལེགས་པ་	ལེགས་པ་	VERB
ར་	ལ་	PART
གཏན་	གཏན་	NOUN
ལ་	ལ་	PART
ཕབ་པ་	ཕབ་པ་	VERB
འོ་	གོ་	PART
། །		PUNCT
དེ་ལྟ་	དེ་ལྟ་	NO_POS
དགའ་རབ་	དགའ་རབ་	ADJ
གཉིས་པ་	གཉིས་པ་	NUM
འི་	གི་	PART
ལེགས་བཤད་	ལེགས་བཤད་	NOUN
ཆོ་	ཆོ་	NOUN
། །		PUNCT
རིན་ཆེན་	རིན་ཆེན་	OTHER
མཛོད་	མཛོད་	NOUN
ཀྱི་	གི་	PART
སྙིང་པོ་	སྙིང་པོ་	NOUN
ར་	ལ་	PART
གང་	གང་	NO_POS
གྱུར་པ་	གྱུར་པ་	VERB
། །		PUNCT
ཟབ་མོ་	ཟབ་མོ་	ADJ
འི་	གི་	PART
གནད་	གནད་	NOUN
ལ་སྟོང་	ལ་སྟོང་	NO_POS
ཐུན་	ཐུན་	NOUN
འདི་	འདི་	DET
སྦྱར་བ་	སྦྱར་བ་	VERB
ས་	གིས་	PART
། །		PUNCT
ཚེ་	ཚེ་	NOUN
འདི་	འདི་	DET
ར་	ལ་	PART
ཆོས་རྗེ་	ཆོས་རྗེ་	NOUN
འི་	གི་	PART
གོ་འཕང་	གོ་འཕང་	NOUN
རྙེད་	རྙེད་	VERB
གྱུར་ཅིག་	གྱུར་ཅིག་	NO_POS
།		PUNCT
ཅེས་	ཅེས་	PART
ཡིད་བཞིན་	ཡིད་བཞིན་	OTHER
རིན་པོ་ཆེ་	རིན་པོ་ཆེ་	ADJ
འི་	གི་	PART
མཛོད་	མཛོད་	NOUN
ཀྱི་	གི་	PART
གནས་ལུགས་	གནས་ལུགས་	VERB
ལྟ་བ་	ལྟ་བ་	VERB
འི་	གི་	PART
སྐབས་	སྐབས་	NOUN
འདི་	འདི་	DET
ནི་	ནི་	NO_POS
ཤིན་ཏུ་	ཤིན་ཏུ་	NO_POS
ཟབ་པ་	ཟབ་པ་	VERB
ས་	གིས་	PART
གོ་	གོ་	PART
དཀའ་བ་	དཀའ་བ་	VERB
ར་	ལ་	PART
མཐོང་	མཐོང་	VERB
ན་	ནས་	PART
དོན་གཉེར་	དོན་གཉེར་	NOUN
གཅན་	གཅན་	NO_POS
དུ་མ་	དུ་མ་	ADJ
འི་	གི་	PART
ཕྱི་	ཕྱི་	OTHER
མི་	མི་	PART
ཕམ་	ཕམ་	NO_POS
རྣམ་པ་	རྣམ་པ་	NOUN
ར་	ལ་	PART
རྒྱལ་བ་	རྒྱལ་བ་	NOUN
ས་	གིས་	PART
བྲིས་པ་	བྲིས་པ་	VERB
ར་	ལ་	PART
དགེ་	དགེ་	NOUN
འོ་	གོ་	PART
།། ༈ །།		PUNCT
གསུང་	གསུང་	VERB
རྟོན་པ་	རྟོན་པ་	VERB
བཞི་	བཞི་	NUM
ལྡན་	ལྡན་	VERB
གྱི་	གི་	PART
ཚུལ་	ཚུལ་	NOUN
ལ་	ལ་	PART
བསྟོད་པ་	བསྟོད་པ་	VERB
།		PUNCT
གང་	གང་	NO_POS
ཐུགས་མཁྱེན་པ་	ཐུགས་མཁྱེན་པ་	NOUN
འི་	གི་	PART
མཁའ་དབྱིངས་	མཁའ་དབྱིངས་	OTHER
གཙང་མ་	གཙང་མ་	ADJ
རུ་	ལ་	PART
། །		PUNCT
འཇམ་མགོན་	འཇམ་མགོན་	OTHER
ཟླ་བ་	ཟླ་བ་	NOUN
འི་	གི་	PART
དཀྱིལ་འཁོར་	དཀྱིལ་འཁོར་	NOUN
རབ་གསལ་	རབ་གསལ་	PROPN
ཞིང་	ཅིང་	PART
། །		PUNCT
མགྲིན་	མགྲིན་	NOUN
ལ་	ལ་	PART
འོ་མ་	འོ་མ་	NOUN
འི་	གི་	PART
རྒྱ་མཚོ་	རྒྱ་མཚོ་	NOUN
ཁྱོན་ཡངས་པ་	ཁྱོན་ཡངས་པ་	NO_POS
ར་	ལ་	PART
། །		PUNCT
དབྱངས་ཅན་	དབྱངས་ཅན་	PROPN
ངང་པ་	ངང་པ་	OTHER
འི་	གི་	PART
བུ་མོ་	བུ་མོ་	NOUN
རྣམ་	རྣམ་	NOUN
རོལ་བ་	རོལ་བ་	VERB
།		PUNCT
བཅུ་པ་	བཅུ་པ་	NUM
འི་	གི་	PART
ས་	ས་	ADP
ར་	ལ་	PART
གྱུར་	གྱུར་	VERB
ཆོ་	ཆོ་	NOUN
ཀྱི་	གི་	PART
སྤྲིན་ཆེན་	སྤྲིན་ཆེན་	OTHER
ལ་	ལ་	PART
། །		PUNCT
དགྱེས་	དགྱེས་	NO_POS
རོལ་	རོལ་	VERB
དྲི་མེད་	དྲི་མེད་	ADJ
འོད་ཟེར་	འོད་ཟེར་	NOUN
སྟོང་	སྟོང་	NUM
འབར་བ་	འབར་བ་	VERB
འི་	གི་	PART
། །		PUNCT
གསུང་རབ་	གསུང་རབ་	NOUN
ཡིད་བཞིན་	ཡིད་བཞིན་	OTHER
ནོར་བུ་	ནོར་བུ་	NOUN
འི་	གི་	PART
ཆུ་གཏེར་	ཆུ་གཏེར་	OTHER
ནི་	ནི་	NO_POS
། །		PUNCT
མཁས་གྲུབ་	མཁས་གྲུབ་	NOUN
ཀླུ་དབང་	ཀླུ་དབང་	OTHER
བྱེ་	བྱེ་	NOUN
བ་	བ་	ADP
བསྔགས་པ་	བསྔགས་པ་	VERB
དེ་	དེ་	DET
ར་	ལ་	PART
།		PUNCT
བསམ་པ་	བསམ་པ་	VERB
དམན་པ་	དམན་པ་	VERB
བདག་ཅག་	བདག་ཅག་	PRON
རིང་	རིང་	NOUN
ཞིག་	ཅིག་	PART
ན་	ནས་	PART
། །		PUNCT
ཞེན་པ་	ཞེན་པ་	VERB
ས་	གིས་	PART
ཞུགས་	ཞུགས་	VERB
ཀྱང་	ཀྱང་	PART
སེམས་པ་	སེམས་པ་	VERB
ས་	གིས་	PART
དབུལ་	དབུལ་	NO_POS
མོད་	མོད་	VERB
ཀྱི་	གི་	PART
། །		PUNCT
གང་	གང་	NO_POS
གསུང་	གསུང་	VERB
རྡོ་རྗེ་	རྡོ་རྗེ་	NOUN
འི་	གི་	PART
བརྡ་	བརྡ་	NOUN
བཞི་	བཞི་	NUM
འི་	གི་	PART
དོན་	དོན་	NOUN
ཅན་	ཅན་	PART
དུ་	ལ་	PART
། །		PUNCT
ངེས་པ་	ངེས་པ་	VERB
འི་	གི་	PART
ཡིད་ཆེས་	ཡིད་ཆེས་	NOUN
ལྷག་པ་	ལྷག་པ་	VERB
འི་	གི་	PART
ལྷ་	ལྷ་	NOUN
ཡི་	གིས་	PART
ཕྱིན་	ཕྱིན་	VERB
། །		PUNCT
རེ་བ་	རེ་བ་	VERB
ས་	གིས་	PART
བསྒྲིམས་	བསྒྲིམས་	NO_POS
ཏེ་	སྟེ་	PART
བརྩམས་པ་	བརྩམས་པ་	VERB
འི་	གི་	PART
གཞུང་ལུགས་	གཞུང་ལུགས་	NOUN
ཕལ་	ཕལ་	NOUN
། །		PUNCT
ཚིག་	ཚིག་	NOUN
ཚུལ་	ཚུལ་	NOUN
རབ་ཏུ་	རབ་ཏུ་	NO_POS
སྒྲིན་	སྒྲིན་	NO_POS
ཅིང་	ཅིང་	PART
བརྡ་	བརྡ་	NOUN
ཡི་	གི་	PART
སྡེབས་	སྡེབས་	VERB
། །		PUNCT
ལེགས་པ་	ལེགས་པ་	VERB
ར་	ལ་	PART
འགྲིག་	འགྲིག་	VERB
ས་	གིས་	PART
ཀྱང་	ཀྱང་	PART
རིགས་པ་	རིགས་པ་	VERB
ས་	གིས་	PART
དཔྱད་པ་	དཔྱད་པ་	VERB
ན་	ལ་	PART
། །		PUNCT
དོན་	དོན་	NOUN
གྱི་	གི་	PART
གནས་	གནས་	NOUN
ལ་	ལ་	PART
འགལ་འདུ་	འགལ་འདུ་	NO_POS
འི་	གི་	PART
ཉེས་པ་	ཉེས་པ་	VERB
མང་	མང་	VERB
། །		PUNCT
གྲག་	གྲག་	VERB
སྙེམས་	སྙེམས་	NO_POS
རེ་བ་	རེ་བ་	VERB
འི་	གི་	PART
འཇུག་	འཇུག་	VERB
མདུད་	མདུད་	NO_POS
ཞིག་པ་	ཞིག་པ་	VERB
ཡི་	གི་	PART
། །		PUNCT
མ་	མ་	PART
བཅོ་	བཅོ་	NUM
ས་	གིས་	PART
ལྷུག་པ་	ལྷུག་པ་	NO_POS
ར་	ལ་	PART
བརྗོད་པ་	བརྗོད་པ་	VERB
རྡོ་རྗེ་	རྡོ་རྗེ་	NOUN
འི་	གི་	PART
གཏམ་	གཏམ་	NOUN
། །		PUNCT
ཚིག་	ཚིག་	NOUN
གི་	གི་	PART
རྗོད་པ་	རྗོད་པ་	VERB
གཙོ་བོ་	གཙོ་བོ་	ADJ
ར་	ལ་	PART
མ་	མ་	PART
བྱ་	བྱ་	VERB
ཕྱི་	ཕྱི་	OTHER
། །		PUNCT
དཔལ་ལྡན་	དཔལ་ལྡན་	ADJ
གྲགས་པ་	གྲགས་པ་	VERB
ས་	གིས་	PART
བསྡུས་པ་	བསྡུས་པ་	VERB
འི་	གི་	PART
རྒྱུད་	རྒྱུད་	NOUN
རྒྱལ་	རྒྱལ་	VERB
བཞིན་	བཞིན་	NOUN
། །		PUNCT
འདི་	འདི་	DET
ཡི་	གིས་	PART
བསྟན་	བསྟན་	VERB
བྱ་	བྱ་	VERB
འི་	གི་	PART
དོན་	དོན་	NOUN
ལ་	ལ་	PART
རྣམ་ཀུན་	རྣམ་ཀུན་	NO_POS
ཏུ་	ལ་	PART
། །		PUNCT
འབད་པ་	འབད་པ་	VERB
ས་	གིས་	PART
བརྟགས་	བརྟགས་	VERB
ཀྱང་	ཀྱང་	PART
ཉེས་པ་	ཉེས་པ་	VERB
ཕྲ་མོ་	ཕྲ་མོ་	ADJ
འི་	གི་	PART
ཁུ་	ཁུ་	NOUN
། །		PUNCT
ཆོས་བཞིན་	ཆོས་བཞིན་	NO_POS
རྒོལ་བ་	རྒོལ་བ་	VERB
འི་	གི་	PART
གོ་སྐབས་	གོ་སྐབས་	NO_POS
མི་	མི་	PART
སྲིད་	སྲིད་	NOUN
ཕྱི་	ཕྱི་	OTHER
། །		PUNCT
དོན་	དོན་	NOUN
ལ་	ལ་	PART
ངེས་པ་	ངེས་པ་	VERB
རྟོན་པ་	རྟོན་པ་	VERB
འི་	གི་	PART
བརྡ་	བརྡ་	NOUN
དང་	དང་	NO_POS
ལྡན་	ལྡན་	VERB
། །		PUNCT
གཞན་	གཞན་	DET
གྱིས་	གིས་	PART
བསྟོད་	བསྟོད་	VERB
ལ་	ལ་	PART
བསྟོད་	བསྟོད་	VERB
ཅིང་	ཅིང་	PART
རྗེས་སུ་	རྗེས་སུ་	OTHER
འབྲང་	འབྲང་	VERB
། །		PUNCT
སྨད་པ་	སྨད་པ་	VERB
རྣམས་	རྣམས་	DET
ལ་	ལ་	PART
ཚིག་	ཚིག་	NOUN
གིས་	གིས་	PART
གཞར་ཡང་	གཞར་ཡང་	NO_POS
འདེབས་	འདེབས་	VERB
། །		PUNCT
སྐྱེ་བོ་	སྐྱེ་བོ་	NOUN
གྲགས་པ་	གྲགས་པ་	VERB
ཙམ་	ཙམ་	DET
གྱི་	གི་	PART
རྗེས་སུ་	རྗེས་སུ་	OTHER
འབྲངས་	འབྲངས་	VERB
ན་	ནས་	PART
། །		PUNCT
གཞུང་ལུགས་	གཞུང་ལུགས་	NOUN
ཕལ་ཆེན་	ཕལ་ཆེན་	NO_POS
དེ་	སྟེ་	PART
དང་	དང་	NO_POS
དེ་བཞིན་	དེ་བཞིན་	OTHER
བརྩམས་	བརྩམས་	VERB
། །		PUNCT
འདི་	འདི་	DET
ཡི་	གིས་	PART
གཞན་དྲིང་	གཞན་དྲིང་	NO_POS
མི་	མི་	PART
འཇོག་	འཇོག་	VERB
རྣམ་དཔྱོད་	རྣམ་དཔྱོད་	NOUN
ཀྱིས་	གིས་	PART
། །		PUNCT
རྒྱལ་བ་	རྒྱལ་བ་	NOUN
མཆོག་	མཆོག་	ADJ
དང་	དང་	NO_POS
རྒྱལ་སྲས་	རྒྱལ་སྲས་	NOUN
ཆེ་	ཆེ་	VERB
རྣམས་	རྣམས་	DET
ཀྱི་	གི་	PART
། །		PUNCT
དགོངས་	དགོངས་	VERB
དོན་	དོན་	NOUN
མ་	མ་	PART
ནོར་	ནོར་	NOUN
ཚུལ་བཞིན་	ཚུལ་བཞིན་	NOUN
བཀྲལ་བ་	བཀྲལ་བ་	VERB
གང་	གང་	NO_POS
། །		PUNCT
འཕགས་ཡུལ་	འཕགས་ཡུལ་	NOUN
ཤིང་རྟ་	ཤིང་རྟ་	NOUN
གཉིས་	གཉིས་	NUM
ཀྱི་	གི་	PART
གཞུང་ལུགས་	གཞུང་ལུགས་	NOUN
བཞིན་	བཞིན་	NOUN
། །		PUNCT
ཞེན་	ཞེན་	VERB
ལྟ་	ལྟ་	NOUN
འི་	གི་	PART
རླུང་	རླུང་	NOUN
གིས་	གིས་	PART
བསྐྱོད་པ་	བསྐྱོད་པ་	VERB
འི་	གི་	PART
ཚིག་	ཚིག་	NOUN
གི་	གི་	PART
རྡུལ་	རྡུལ་	NOUN
། །		PUNCT
གཞན་སེམས་	གཞན་སེམས་	OTHER
རྣལ་མ་	རྣལ་མ་	NO_POS
ར་	ལ་	PART
གནས་པ་	གནས་པ་	VERB
དཀྲུགས་		NON_WORD
བྱེད་པ་	བྱེད་པ་	VERB
འི་	གི་	PART
། །		PUNCT
ཡུལ་ངན་	ཡུལ་ངན་	NOUN
རྣམ་	རྣམ་	NOUN
སྤངས་	སྤངས་	VERB
ཞི་བ་	ཞི་བ་	VERB
འི་	གི་	PART
ངང་ཚུལ་	ངང་ཚུལ་	OTHER
གྱིས་	གིས་	PART
། །		PUNCT
ཆོ་	ཆོ་	NOUN
ལ་	ལ་	PART
རྟོན་པ་	རྟོན་པ་	VERB
ཡང་དག་	ཡང་དག་	ADJ
མཚོན་པ་	མཚོན་པ་	VERB
ར་	ལ་	PART
བྱ་	བྱ་	VERB
།		PUNCT
རྟོག་དཔྱོད་	རྟོག་དཔྱོད་	NO_POS
ལོ་འདབ་	ལོ་འདབ་	NOUN
འབུམ་ཕྲག་	འབུམ་ཕྲག་	OTHER
ཉེ་	ཉེ་	NUM
གཡོ་བ་	གཡོ་བ་	VERB
འི་	གི་	PART
། །		PUNCT
དྲང་དོན་	དྲང་དོན་	NOUN
དམན་པ་	དམན་པ་	VERB
འི་	གི་	PART
ཆོ་	ཆོ་	NOUN
ཚུལ་	ཚུལ་	NOUN
ལྗོན་པ་	ལྗོན་པ་	OTHER
འི་	གི་	PART
རྩེ་		
། །		PUNCT
རྟོག་གེ་	རྟོག་གེ་	NOUN
འི་	གི་	PART
སྤྲེལ་	སྤྲེལ་	NO_POS
ཚོགས་	ཚོགས་	NOUN
གཡོ་བ་	གཡོ་བ་	VERB
འི་	གི་	PART
ག་	ག་	NOUN
གྱིས་	གིས་	PART
སྙེམས་	སྙེམས་	NO_POS
། །		PUNCT
སྣ་ཚོགས་	སྣ་ཚོགས་	DET
དཔྱོད་པ་	དཔྱོད་པ་	VERB
འི་	གི་	PART
རོལ་རྩེད་	རོལ་རྩེད་	OTHER
ཉེ་བ་		
ངོམས་	ངོམས་	VERB
། །		PUNCT
མཁྱེན་རབ་	མཁྱེན་རབ་	NOUN
མཁའ་ལྡིང་	མཁའ་ལྡིང་	NOUN
རྒྱལ་པོ་	རྒྱལ་པོ་	NOUN
འི་	གི་	PART
གཤོག་	གཤོག་	VERB
རླབས་	རླབས་	OTHER
ཀྱིས་	གིས་	PART
། །		PUNCT
ཐེག་མཆོག་	ཐེག་མཆོག་	OTHER
ལྟ་བ་	ལྟ་བ་	VERB
འི་	གི་	PART
ནམ་འཕང་	ནམ་འཕང་	OTHER
ཉེ་	ཉེ་	NUM
གཅོད་པ་	གཅོད་པ་	VERB
། །		PUNCT
གང་	གང་	NO_POS
གིས་	གིས་	PART
གསུང་	གསུང་	VERB
ཀུན་	ཀུན་	DET
ཕྱལ་	ཕྱལ་	NO_POS
ཡངས་	ཡངས་	VERB
ནམ་མཁ་	ནམ་མཁའ་	NOUN
འི་	གི་	PART
ཚུལ་	ཚུལ་	NOUN
། །		PUNCT
གྲུབ་མཆོག་	གྲུབ་མཆོག་	PROPN
རྣམས་	རྣམས་	DET
ཀྱི་	གི་	PART
རྡོ་རྗེ་	རྡོ་རྗེ་	NOUN
འི་	གི་	PART
དོ་ཧ་	དོ་ཧ་	OTHER
བཞིན་	བཞིན་	NOUN
། །		PUNCT
རྟག་	རྟག་	VERB
ཏུ་	ལ་	PART
མདོ་	མདོ་	NOUN
དང་	དང་	NO_POS
སྔགས་	སྔགས་	NOUN
ཀྱི་	གི་	PART
ཟབ་མོ་	ཟབ་མོ་	ADJ
འི་	གི་	PART
དོན་	དོན་	NOUN
། །		PUNCT
མཐར་ཐུག་	མཐར་ཐུག་	NOUN
གང་ཡིན་	གང་ཡིན་	NO_POS
བརྗོད་བྱ་	བརྗོད་བྱ་	NOUN
འི་	གི་	PART
སྙིང་པོ་	སྙིང་པོ་	NOUN
རུ་	ལ་	PART
། །		PUNCT
ལེགས་པ་	ལེགས་པ་	VERB
ར་	ལ་	PART
འདོམས་པ་	འདོམས་པ་	VERB
ས་	གིས་	PART
སྐལ་བཟང་	སྐལ་བཟང་	OTHER
གདུལ་བྱ་	གདུལ་བྱ་	NOUN
འི་	གི་	PART
ཚོགས་	ཚོགས་	NOUN
། །		PUNCT
ངེས་པ་	ངེས་པ་	VERB
འི་	གི་	PART
དོན་	དོན་	NOUN
ལ་	ལ་	PART
རྟོན་པ་	རྟོན་པ་	VERB
ར་	ལ་	PART
མཛད་པ་	མཛད་པ་	VERB
ཉིད་	ཉིད་	DET
། །		PUNCT
སེམས་	སེམས་	NOUN
དང་སེམས་	དང་སེམས་	NO_POS
བྱུང་	བྱུང་	VERB
རྟོག་པ་	རྟོག་པ་	VERB
འི་	གི་	PART
འཕྲོ་	འཕྲོ་	NOUN
འདུ་	འདུ་	VERB
ཡི་	གིས་	PART
། །		PUNCT
དགག་སྒྲུབ་	དགག་སྒྲུབ་	OTHER
རྩོད་པ་	རྩོད་པ་	VERB
འི་	གི་	PART
ནགས་ཁྲོད་	ནགས་ཁྲོད་	NOUN
འཐུག་པོ་	འཐུག་པོ་	ADJ
རུ་	ལ་	PART
། །		PUNCT
རེ་དོགས་	རེ་དོགས་	NOUN
འདོར་ལེན་	འདོར་ལེན་	NO_POS
གོམས་པ་	གོམས་པ་	VERB
འི་	གི་	PART
སྟབས་	སྟབས་	NOUN
སྟབས་	སྟབས་	NOUN
ཀྱིས་	གིས་	PART
། །		PUNCT
བརྒྱུད་མ་	བརྒྱུད་མ་	NO_POS
ར་	ལ་	PART
འཕྱན་	འཕྱན་	NO_POS
ཞིང་	ཅིང་	PART
དུབ་པ་	དུབ་པ་	VERB
འི་	གི་	PART
སྐྱེ་	སྐྱེ་	NOUN
ཚོགས་	ཚོགས་	NOUN
ལ་	ལ་	PART
། །		PUNCT
བྱམས་པ་	བྱམས་པ་	PROPN
འི་	གི་	PART
སྐྱེ་	སྐྱེ་	NOUN
སྟངས་	སྟངས་	NO_POS
གཅིག་	གཅིག་	NUM
གི་	གི་	PART
ཁྱབ་	ཁྱབ་	VERB
མཛད་	མཛད་	VERB
ན་	ནས་	PART
། །		PUNCT
ཕྱི་ཕྱིར་	ཕྱི་ཕྱིར་	NO_POS
ཐེ་ཚོམ་	ཐེ་ཚོམ་	NOUN
འཆི་བ་	འཆི་བ་	VERB
འི་	གི་	PART
སྒྲོ་འདོགས་	སྒྲོ་འདོགས་	NOUN
བརྒྱ་	བརྒྱ་	NUM
། །		PUNCT
གཅིག་	གཅིག་	NUM
ཆ་	ཆ་	NOUN
ར་	ལ་	PART
གཅོད་བྱེད་	གཅོད་བྱེད་	OTHER
ནང་	ནང་	NOUN
གི་	གི་	PART
ཤེས་རབ་	ཤེས་རབ་	NOUN
སྤྱན་	སྤྱན་	NOUN
། །		PUNCT
འབྱེད་	འབྱེད་	VERB
མཁའ་	མཁའ་	VERB
ཆོ་	ཆོ་	NOUN
ཀྱི་	གི་	PART
ཉི་མ་	ཉི་མ་	NOUN
རྒྱལ་བ་	རྒྱལ་བ་	NOUN
བཞིན་	བཞིན་	NOUN
། །		PUNCT
སྤྲོ་	སྤྲོ་	NO_POS
བཟང་	བཟང་	VERB
སྤྲོས་པ་	སྤྲོས་པ་	VERB
འཕེལ་	འཕེལ་	VERB
ཞིང་	ཅིང་	PART
དོན་	དོན་	NOUN
སྒྲིབ་	སྒྲིབ་	NOUN
ཕྱི་	ཕྱི་	OTHER
། །		PUNCT
སྤྲོས་མེད་	སྤྲོས་མེད་	NOUN
མཉམ་པ་	མཉམ་པ་	VERB
ར་	ལ་	PART
བཞག་པ་	བཞག་པ་	VERB
འི་	གི་	PART
ངེས་	ངེས་	VERB
གསང་གནད་	གསང་གནད་	NO_POS
། །		PUNCT
རྟག་	རྟག་	VERB
ཏུ་	ལ་	PART
རྗེན་པ་	རྗེན་པ་	NO_POS
ར་	ལ་	PART
སྟོན་པ་	སྟོན་པ་	NOUN
གཙོ་	གཙོ་	NOUN
མཛད་པ་	མཛད་པ་	VERB
ས་	གིས་	PART
། །		PUNCT
ཡེ་ཤེས་	ཡེ་ཤེས་	NOUN
ཉིད་	ཉིད་	DET
ལ་	ལ་	PART
རྟོན་པ་	རྟོན་པ་	VERB
གསལ་པོ་	གསལ་པོ་	ADJ
ར་	ལ་	PART
མཚོན་	མཚོན་	NOUN
། །		PUNCT
དེ་ཕྱིར་	དེ་ཕྱིར་	NO_POS
ཀུན་མཁྱེན་	ཀུན་མཁྱེན་	OTHER
མཆོག་	མཆོག་	ADJ
གི་	གི་	PART
གསུང་རབ་	གསུང་རབ་	NOUN
ལ་	ལ་	PART
། །		PUNCT
འཕགས་	འཕགས་	VERB
མིན་	མིན་	AUX
སྐྱེ་བོ་	སྐྱེ་བོ་	NOUN
ས་	གིས་	PART
བརྩམས་པ་	བརྩམས་པ་	VERB
འི་	གི་	PART
བསྟན་བཅོས་	བསྟན་བཅོས་	NOUN
ལ་	ལ་	ADP
ས་	གིས་	PART
། །		PUNCT
ཁྱད་པར་	ཁྱད་པར་	NOUN
འཕགས་པ་	འཕགས་པ་	VERB
འི་	གི་	PART
བརྡ་	བརྡ་	NOUN
ཐབས་	ཐབས་	NOUN
རྣམ་པ་	རྣམ་པ་	NOUN
བཞི་	བཞི་	NUM
། །		PUNCT
ལེགས་	ལེགས་	VERB
གནས་	གནས་	NOUN
ལེགས་པ་	ལེགས་པ་	VERB
ར་	ལ་	PART
བརྟགས་	བརྟགས་	VERB
ན་	ལ་	PART
ངེས་པ་		
མཐོང་	མཐོང་	VERB
། །		PUNCT
དེ་	སྟེ་	PART
སླད་	སླད་	NOUN
པདྨ་	པདྨ་	NOUN
འི་	གི་	PART
མཚོ་	མཚོ་	NOUN
ལ་	ལ་	PART
ངང་པ་	ངང་པ་	OTHER
བཞིན་	བཞིན་	NOUN
། །		PUNCT
གང་	གང་	NO_POS
ལ་	ལ་	PART
རྟོན་པ་	རྟོན་པ་	VERB
བཞི་	བཞི་	NUM
དང་	དང་	NO_POS
ལྡན་པ་	ལྡན་པ་	VERB
ཡི་	གི་	PART
། །		PUNCT
སྐལ་བཟང་	སྐལ་བཟང་	OTHER
འདི་དག་	འདི་དག་	NO_POS
འདི་	འདི་	DET
ཡི་	གི་	PART
ལེགས་བཤད་	ལེགས་བཤད་	NOUN
ལ་	ལ་	PART
། །		PUNCT
མོས་པ་	མོས་པ་	VERB
འི་	གི་	PART
བློ་	བློ་	NOUN
མཆོག་	མཆོག་	ADJ
ངང་	ངང་	NOUN
གིས་	གིས་	PART
རྣམ་པ་	རྣམ་པ་	NOUN
ར་	ལ་	PART
འཕེལ་	འཕེལ་	VERB
། །		PUNCT
རང་དོན་	རང་དོན་	NOUN
སྲེད་པ་	སྲེད་པ་	VERB
འི་	གི་	PART
ཀུན་སློང་	ཀུན་སློང་	NO_POS
ཡོད་མེད་	ཡོད་མེད་	ADJ
ཅིང་	ཅིང་	PART
། །		PUNCT
གཞན་དོན་	གཞན་དོན་	NOUN
སྙིང་རྗེ་	སྙིང་རྗེ་	NOUN
འི་	གི་	PART
རླན་	རླན་	NO_POS
དང་	དང་	NO_POS
མི་	མི་	PART
འབྲལ་བ་	འབྲལ་བ་	VERB
ར་	ལ་	PART
། །		PUNCT
བརྡ་	བརྡ་	NOUN
བཞི་	བཞི་	NUM
འི་	གི་	PART
ལམ་	གམ་	PART
ན་	ནས་	PART
བརྒྱུས་པ་	བརྒྱུས་པ་	VERB
རྡོ་རྗེ་	རྡོ་རྗེ་	NOUN
འི་	གི་	PART
ཚིག་	ཚིག་	NOUN
།		PUNCT
བྱིན་རླབས་	བྱིན་རླབས་	NOUN
ཆུ་བོ་	ཆུ་བོ་	NOUN
འི་	གི་	PART
རྒྱུན་	རྒྱུན་	NOUN
ཆེན་	ཆེན་	NO_POS
སྲིད་མཐ་	སྲིད་མཐའ་	NO_POS
ར་	ལ་	PART
འཇུག་	འཇུག་	VERB
།		PUNCT
དེ་ལྟ་	དེ་ལྟ་	NO_POS
དགའ་རབ་	དགའ་རབ་	ADJ
གཉིས་པ་	གཉིས་པ་	NUM
ཆོ་	ཆོ་	NOUN
ཀྱི་	གི་	PART
རྗེའི་		NON_WORD
། །		PUNCT
དོན་	དོན་	NOUN
ལ་	ལ་	PART
རྣམ་	རྣམ་	NOUN
ངེས་	ངེས་	VERB
རྡོ་རྗེ་	རྡོ་རྗེ་	NOUN
འི་	གི་	PART
ཚིག་	ཚིག་	NOUN
གི་	གི་	PART
ཚུལ་	ཚུལ་	NOUN
། །		PUNCT
རྟོན་པ་	རྟོན་པ་	VERB
རྣམ་	རྣམ་	NOUN
བཞི་	བཞི་	NUM
འི་	གི་	PART
བརྡ་	བརྡ་	NOUN
དང་	དང་	NO_POS
ངེས་	ངེས་	VERB
འབྲེལ་བ་	འབྲེལ་བ་	VERB
། །		PUNCT
བཅོས་མིན་	བཅོས་མིན་	NO_POS
རིག་པ་	རིག་པ་	VERB
འི་	གི་	PART
གསང་	གསང་	VERB
ན་	ནས་	PART
དལ་	དལ་	NOUN
གྱིས་	གིས་	PART
ཤ་	ཤ་	VERB
། །		PUNCT
དེ་	སྟེ་	PART
ཚེ་	ཚེ་	NOUN
དེ་བཞིན་	དེ་བཞིན་	OTHER
ཚད་མ་	ཚད་མ་	NOUN
ས་	གིས་	PART
བསྒྲུབས་	བསྒྲུབས་	VERB
ན་	ལ་	PART
ཡང་	ཀྱང་	PART
། །		PUNCT
ངེས་པ་		
ནུས་པ་	ནུས་པ་	VERB
འི་	གི་	PART
ཡིད་ཆེས་	ཡིད་ཆེས་	NOUN
དད་པ་	དད་པ་	VERB
ཡི་	གི་	PART
། །		PUNCT
ཤུགས་	ཤུགས་	NOUN
ཀྱིས་	གིས་	PART
འཕངས་པ་	འཕངས་པ་	VERB
འི་	གི་	PART
བཅོས་མིན་	བཅོས་མིན་	NO_POS
ཚིག་	ཚིག་	NOUN
གི་	གི་	PART
རླབས་	རླབས་	OTHER
། །		PUNCT
མགྲིན་པ་	མགྲིན་པ་	NOUN
འི་	གི་	PART
གནས་	གནས་	NOUN
སུ་	ལ་	PART
ཕྱུར་བ་	ཕྱུར་བ་	NO_POS
བཞིན་	བཞིན་	NOUN
དུ་	ལ་	PART
འགྱུར་	འགྱུར་	VERB
། །		PUNCT
འདི་	འདི་	DET
ཡི་	གི་	PART
བསོད་ནམས་	བསོད་ནམས་	NOUN
རྡོ་རྗེ་	རྡོ་རྗེ་	NOUN
འི་	གི་	PART
རླུང་	རླུང་	NOUN
ཤུགས་	ཤུགས་	NOUN
ཀྱིས་	གིས་	PART
།		PUNCT
རྟོག་	རྟོག་	VERB
མེ་	མེ་	NOUN
བདག་	བདག་	PRON
ཀྱང་	ཀྱང་	PART
རྟོག་པ་	རྟོག་པ་	VERB
འི་	གི་	PART
དྲྭ་བ་	དྲྭ་བ་	NON_WORD
ལ་	ལ་	ADP
ས་	གིས་	PART
། །		PUNCT
འདའ་	འདའ་	VERB
ན་	ནས་	PART
རྟོག་	རྟོག་	VERB
མེད་	མེད་	VERB
དཔའ་བོ་	དཔའ་བོ་	NOUN
ཁྱོད་	ཁྱོད་	PRON
བཞིན་	བཞིན་	NOUN
དུ་	ལ་	PART
། །		PUNCT
གཉིས་	གཉིས་	NUM
སྣང་	སྣང་	VERB
འཁྲུལ་པ་	འཁྲུལ་པ་	NO_POS
ཟིལ་	ཟིལ་	NOUN
གྱིས་	གིས་	PART
ནོན་	ནོན་	VERB
གྱུར་ཅིག་	གྱུར་ཅིག་	NO_POS
།		PUNCT
ཅེས་པ་	ཅེས་པ་	PART
འང་	ཀྱང་	PART
མེ་	མེ་	NOUN
གླང་	གླང་	NOUN
ཟླ་བ་	ཟླ་བ་	NOUN
དྲུག་པ་	དྲུག་པ་	NUM
འི་	གི་	PART
ཚེ་	ཚེ་	NOUN
ཉི་ཤུ་	ཉི་ཤུ་	NUM
ལ་	ལ་	PART
མི་	མི་	PART
ཕམ་པ་	ཕམ་པ་	VERB
ས་	གིས་	PART
བྲིས་པ་	བྲིས་པ་	VERB
དགེ་	དགེ་	NOUN
འོ་	གོ་	PART
།། །།		PUNCT
